Effectifs,,,,,,,,,
Groupe A,,,,,,,,,
Mexique,,,,,,,,,
,,,,,,,,,
Numéro / Nom,,Club,Date de naissance et âge*,J.,Buts,,,,
Gardiens de but,,,,,,,,,
,Carlos Acevedo,Santos Laguna,19 avril 1996 (30 ans),0,0,0,0,0,
,Guillermo Ochoa,AEL Limassol,13 juillet 1985 (40 ans),0,0,0,0,0,
,Raúl Rangel,CD Guadalajara,25 février 2000 (26 ans),0,0,0,0,0,
Défenseurs,,,,,,,,,
,Mateo Chávez,AZ Alkmaar,12 mai 2004 (22 ans),0,0,0,0,0,
,Jesús Gallardo,Deportivo Toluca,15 août 1994 (31 ans),0,0,0,0,0,
,César Montes,Lokomotiv Moscou,24 février 1997 (29 ans),0,0,0,0,0,
,Israel Reyes,Club América,23 mai 2000 (26 ans),0,0,0,0,0,
,Jorge Sánchez,PAOK Salonique,10 décembre 1997 (28 ans),0,0,0,0,0,
,Johan Vásquez,Genoa,22 octobre 1998 (27 ans),0,0,0,0,0,
Milieux de terrain,,,,,,,,,
,César Huerta,RSC Anderlecht,3 décembre 2000 (25 ans),0,0,0,0,0,
,Edson Álvarez,Fenerbahçe SK,24 octobre 1997 (28 ans),0,0,0,0,0,
,Luis Chávez,Dynamo Moscou,15 janvier 1996 (30 ans),0,0,0,0,0,
,Álvaro Fidalgo,Betis Séville,9 avril 1997 (29 ans),0,0,0,0,0,
,Brian Gutiérrez,CD Guadalajara,17 juin 2003 (22 ans),0,0,0,0,0,
,Erik Lira,Cruz Azul,8 mai 2000 (26 ans),0,0,0,0,0,
,Gilberto Mora,Club Tijuana,14 octobre 2008 (17 ans),0,0,0,0,0,
,Orbelín Pineda,AEK Athènes,24 mars 1996 (30 ans),0,0,0,0,0,
,Luis Romo,CD Guadalajara,5 juin 1995 (31 ans),0,0,0,0,0,
,Obed Vargas,Atlético de Madrid,5 août 2005 (20 ans),0,0,0,0,0,
Attaquants,,,,,,,,,
,Santiago Giménez,AC Milan,18 avril 2001 (25 ans),0,0,0,0,0,
,Armando González,CD Guadalajara,20 avril 2003 (23 ans),0,0,0,0,0,
,Raúl Jiménez,Fulham FC,5 mai 1991 (35 ans),0,0,0,0,0,
,Guillermo Martínez,PUMAS UNAM,15 mars 1995 (31 ans),0,0,0,0,0,
,Julián Quiñones,Al-Qadsiah FC,24 mars 1997 (29 ans),0,0,0,0,0,
,Alexis Vega,Deportivo Toluca,25 novembre 1997 (28 ans),0,0,0,0,0,
,Roberto Alvarado,CD Guadalajara,7 septembre 1998 (27 ans),0,0,0,0,0,
Sélectionneur,,,,,,,,,
,Javier Aguirre,,1er décembre 1958 (67 ans),,,,,,
,,,,,,,,,
"* NB : Les âges sont calculés au début de la Coupe du monde 2026, le 11 juin 2026.",,,,,,,,,
,,,,,,,,,
La sélection a été annoncée le 1er juin 2026[2].,,,,,,,,,
,,,,,,,,,
Afrique du Sud,,,,,,,,,
,,,,,,,,,
Numéro / Nom,,Club,Sél.,Date de naissance et âge*,J.,Buts,,,
Gardiens de but,,,,,,,,,
,Ronwen Williams,Mamelodi Sundowns FC,58,21/01/1992 (34 ans),0,0,0,0,0
,Ricardo Goss,Siwelele FC,6,24/07/1994 (31 ans),0,0,0,0,0
,Sipho Chaine,Orlando Pirates FC,9,14/12/1996 (29 ans),0,0,0,0,0
Défenseurs,,,,,,,,,
,Khuliso Mudau,Mamelodi Sundowns FC,31,26/04/1995 (31 ans),0,0,0,0,0
,Thabang Matuludi,Polokwane City FC,5,17/02/1999 (27 ans),0,0,0,0,0
,Khulumani Ndamane,Mamelodi Sundowns FC,3,05/10/2004 (21 ans),0,0,0,0,0
,Nkosinathi Sibisi,Orlando Pirates FC,20,22/09/1995 (30 ans),0,0,0,0,0
,Ime Okon,Hannover 96,2,20/07/2004 (21 ans),0,0,0,0,0
,Aubrey Modiba,Mamelodi Sundowns FC,37,22/07/1995 (30 ans),0,0,0,0,0
,Samukele Kabini,Molde FK,4,05/01/2003 (23 ans),0,0,0,0,0
,Bradley Cross,Kaizer Chiefs FC,7,30/01/2001 (25 ans),0,0,0,0,0
,Olwethu Makhanya,Philadelphia Union,5,29/04/2004 (22 ans),0,0,0,0,0
,Kamogelo Sebelebele,Orlando Pirates FC,2,01/08/2003 (22 ans),0,0,0,0,0
,Mbekezeli Mbokazi,Chicago Fire FC,1,15/11/2005 (20 ans),0,0,0,0,0
Milieux de terrain,,,,,,,,,
,Teboho Mokoena,Mamelodi Sundowns FC,39,10/01/1997 (29 ans),0,0,0,0,0
,Sphephelo Sithole,CD Tondela,22,20/03/1999 (27 ans),0,0,0,0,0
,Thalente Mbatha,Orlando Pirates FC,14,18/04/1999 (27 ans),0,0,0,0,0
,Jayden Adams,Mamelodi Sundowns FC,11,05/05/2001 (25 ans),0,0,0,0,0
Attaquants,,,,,,,,,
,Lyle Foster,Burnley FC,24,03/09/2000 (25 ans),0,0,0,0,0
,Themba Zwane,Mamelodi Sundowns FC,52,03/08/1989 (36 ans),0,0,0,0,0
,Oswin Appollis,Orlando Pirates FC,18,25/08/2001 (24 ans),0,0,0,0,0
,Iqraam Rayners,Mamelodi Sundowns FC,23,19/12/1995 (30 ans),0,0,0,0,0
,Relebohile Mofokeng,Orlando Pirates FC,12,23/10/2004 (21 ans),0,0,0,0,0
,Evidence Makgopa,Orlando Pirates FC,18,05/06/2000 (26 ans),0,0,0,0,0
,Tshepang Moremi,Orlando Pirates FC,3,10/11/2000 (25 ans),0,0,0,0,0
,Thapelo Maseko,AEL Limassol,16,11/06/2003 (23 ans),0,0,0,0,0
Sélectionneur,,,,,,,,,
,Hugo Broos,,,10/04/1952 (74 ans),,,,,
,,,,,,,,,
"* NB : Les âges sont calculés au début de la Coupe du monde 2026, le 11 juin 2026.",,,,,,,,,
,,,,,,,,,
Corée du Sud,,,,,,,,,
,,,,,,,,,
Numéro / Nom,,Équipe actuelle,Date de naissance et âge*,J.,Buts,,,,
Gardiens de but,,,,,,,,,
,Kim Seung-gyu,FC Tokyo,30 septembre 1990 (35 ans),0,0,0,0,0,
,Song Bum-keun,Jeonbuk Hyundai Motors,15 octobre 1997 (28 ans),0,0,0,0,0,
,Jo Hyeon-woo,Ulsan HD,25 septembre 1991 (34 ans),0,0,0,0,0,
Défenseurs,,,,,,,,,
,Lee Han-beom,FC Midtjylland,17 juin 2002 (23 ans),0,0,0,0,0,
,Lee Ki-hyuk,Gangwon FC,7 juillet 2000 (25 ans),0,0,0,0,0,
,Kim Min-jae,Bayern Munich,15 novembre 1996 (29 ans),0,0,0,0,0,
,Lee Tae-seok,Austria Vienne,28 juillet 2002 (23 ans),0,0,0,0,0,
,Cho Yu-min,Sharjah FC,17 novembre 1996 (29 ans),0,0,0,0,0,
,Kim Moon-hwan,Daejeon Hana Citizen,1er août 1995 (30 ans),0,0,0,0,0,
,Park Jin-seob,Zhejiang Professional,23 octobre 1995 (30 ans),0,0,0,0,0,
,Seol Young-woo,Étoile rouge de Belgrade,5 décembre 1998 (27 ans),0,0,0,0,0,
,Jens Castrop,Borussia Mönchengladbach,29 juillet 2003 (22 ans),0,0,0,0,0,
,Kim Tae-hyeon,Kashima Antlers,17 septembre 2000 (25 ans),0,0,0,0,0,
Milieux de terrain,,,,,,,,,
,Hwang In-beom,Feyenoord Rotterdam,20 septembre 1996 (29 ans),0,0,0,0,0,
,Paik Seung-ho,Birmingham City,17 mars 1997 (29 ans),0,0,0,0,0,
,Lee Jae-sung,FSV Mayence,10 août 1992 (33 ans),0,0,0,0,0,
,Hwang Hee-chan,Wolverhampton Wanderers,26 janvier 1996 (30 ans),0,0,0,0,0,
,Eom Ji-sung,Swansea City,9 mai 2002 (24 ans),0,0,0,0,0,
,Lee Kang-in,Paris-Saint-Germain,19 février 2001 (25 ans),0,0,0,0,0,
,Yang Hyun-jun,Celtic FC,25 mai 2002 (24 ans),0,0,0,0,0,
,Kim Jin-gyu,Jeonbuk Hyundai Motors,24 février 1997 (29 ans),0,0,0,0,0,
,Lee Dong-gyeong,Ulsan HD,20 septembre 1997 (28 ans),0,0,0,0,0,
,Bae Jun-ho,Stoke City,21 août 2003 (22 ans),0,0,0,0,0,
Attaquants,,,,,,,,,
,Son Heung-min,Los Angeles FC,8 juillet 1992 (33 ans),0,0,0,0,0,
,Cho Gue-sung,FC Midtjylland,25 janvier 1998 (28 ans),0,0,0,0,0,
,Oh Hyeon-gyu,Beşiktaş JK,12 avril 2001 (25 ans),0,0,0,0,0,
Sélectionneur,,,,,,,,,
,Hong Myung-bo,,12 février 1969 (57 ans),,,,,,
,,,,,,,,,
"* NB : Les âges sont calculés au début de la Coupe du monde 2026, le 11 juin 2026.",,,,,,,,,
,,,,,,,,,
,,,,,,,,,
"* NB : Les âges sont calculés au début de la Coupe du monde 2026, le 11 juin 2026.",,,,,,,,,
,,,,,,,,,
Groupe B,,,,,,,,,
Canada,,,,,,,,,
,,,,,,,,,
Numéro / Nom,,Club,Sél.,Date de naissance et âge*,J.,Buts,,,
Gardiens de but,,,,,,,,,
,Maxime Crépeau,Orlando City SC,27,11/05/1994 (32 ans),0,0,0,0,0
,Dayne St. Clair,Inter Miami CF,22,09/05/1997 (29 ans),0,0,0,0,0
,Owen Goodman,Crystal Palace FC,1,28/08/2003 (22 ans),0,0,0,0,0
Défenseurs,,,,,,,,,
,Derek Cornelius,Olympique de Marseille,34,25/11/1997 (28 ans),0,0,0,0,0
,Richie Laryea,Toronto FC,68,07/01/1995 (31 ans),0,0,0,0,0
,Niko Sigur,HNK Hajduk Split,12,09/09/2003 (22 ans),0,0,0,0,0
,Joel Waterman,Chicago Fire FC,21,24/01/1996 (30 ans),0,0,0,0,0
,Luc de Fougerolles,Fulham FC,6,12/10/2005 (20 ans),0,0,0,0,0
,Moïse Bombito,OGC Nice,24,30/03/2000 (26 ans),0,0,0,0,0
,Alistair Johnston,Celtic FC,65,08/10/1998 (27 ans),0,0,0,0,0
,Alphonso Davies,FC Bayern Munich,62,02/11/2000 (25 ans),0,0,0,0,0
,Alfie Jones,Middlesbrough FC,3,07/10/1997 (28 ans),0,0,0,0,0
Milieux de terrain,,,,,,,,,
,Stephen Eustáquio,FC Porto,54,21/12/1996 (29 ans),0,0,0,0,0
,Ismaël Koné,US Sassuolo,34,16/06/2002 (23 ans),0,0,0,0,0
,Tajon Buchanan,Villarreal CF,49,08/02/1999 (27 ans),0,0,0,0,0
,Mathieu Choinière,Los Angeles FC,23,07/02/1999 (27 ans),0,0,0,0,0
,Ali Ahmed,Norwich City FC,14,10/10/2000 (25 ans),0,0,0,0,0
,Nathan Saliba,RSC Anderlecht,11,11/02/2004 (22 ans),0,0,0,0,0
,Liam Millar,Hull City AFC,38,27/09/1999 (26 ans),0,0,0,0,0
,Marcelo Flores,Tigres UANL,7,01/10/2003 (22 ans),0,0,0,0,0
,Jacob Shaffelburg,Los Angeles FC,25,26/11/1999 (26 ans),0,0,0,0,0
,Jonathan Osorio,Toronto FC,87,12/06/1992 (33 ans),0,0,0,0,0
Attaquants,,,,,,,,,
,Jonathan David,Juventus Turin FC,66,14/01/2000 (26 ans),0,0,0,0,0
,Cyle Larin,Southampton FC,86,17/04/1995 (31 ans),0,0,0,0,0
,Promise David,Royale Union Saint-Gilloise,4,03/07/2001 (24 ans),0,0,0,0,0
,Tani Oluwaseyi,Villarreal CF,12,15/05/2000 (26 ans),0,0,0,0,0
Sélectionneur,,,,,,,,,
,Jesse Marsch,,,08/11/1973 (52 ans),,,,,
,,,,,,,,,
"* NB : Les âges sont calculés au début de la Coupe du monde 2026, le 11 juin 2026.",,,,,,,,,
,,,,,,,,,
Bosnie-Herzégovine,,,,,,,,,
,,,,,,,,,
Numéro / Nom,,Club,Sél.,Date de naissance et âge*,J.,Buts,,,
Gardiens de but,,,,,,,,,
,Nikola Vasilj,FC St.Pauli,25,02/12/1995 (30 ans),0,0,0,0,0
,Martin Zlomislić,HNK Rijeka,2,16/08/98 (27 ans),0,0,0,0,0
,Osman Hadžikić,NK Slaven Belupo,0,12/03/1996 (30 ans),0,0,0,0,0
Défenseurs,,,,,,,,,
,Sead Kolašinac,Atalanta BC,64,20/06/1993 (33 ans),0,0,0,0,0
,Dennis Hadžikadunić,UC Sampdoria,30,09/07/1998 (27 ans),0,0,0,0,0
,Amar Dedić,SL Benfica,26,18/08/2002 (23 ans),0,0,0,0,0
,Nikola Katić,FC Schalke 04,15,10/10/1996 (29 ans),0,0,0,0,0
,Tarik Muharemović,US Sassuolo,12,28/02/2003 (23 ans),0,0,0,0,0
,Nihad Mujakić,Gaziantep FK,10,15/04/1998 (28 ans),0,0,0,0,0
,Stjepan Radeljić,HNK Rijeka,4,05/09/1997 (28 ans),0,0,0,0,0
,Nidal Čelik,RC Lens,0,05/07/2006 (19 ans),0,0,0,0,0
Milieux de terrain,,,,,,,,,
,Amir Hadžiahmetović,Hull City AFC,34,08/03/1997 (29 ans),0,0,0,0,0
,Benjamin Tahirović,Brøndby IF,26,03/03/2003 (23 ans),0,0,0,0,0
,Armin Gigović,BSC Young Boys,18,06/04/2002 (24 ans),0,0,0,0,0
,Dženis Burnić,Karlsruher SC,18,22/05/1998 (28 ans),0,0,0,0,0
,Ivan Bašić,FK Astana,15,30/04/2002 (24 ans),0,0,0,0,0
,Amar Memić,FC Viktoria Plzeň,11,20/01/2001 (25 ans),0,0,0,0,0
,Ivan Šunjić,Pafos FC,11,09/10/1996 (29 ans),0,0,0,0,0
,Ermin Mahmić,FC Slovan Liberec,0,22/06/2004 (21 ans),0,0,0,0,0
Attaquants,,,,,,,,,
,Edin Džeko,FC Schalke 04,148,17/03/1986 (40 ans),0,0,0,0,0
,Kerim Alajbegović,FC Red Bull Salzburg,8,17/11/2007 (18 ans),0,0,0,0,0
,Esmir Bajraktarević,PSV Eindhoven,14,10/03/2005 (21 ans),0,0,0,0,0
,Ermedin Demirović,VfB Stuttgart,38,25/03/1998 (28 ans),0,0,0,0,0
,Samed Baždar,Jagiellonia Bialystok,11,31/01/2004 (22 ans),0,0,0,0,0
,Haris Tabaković,Borussia Mönchengladbach,10,20/06/1994 (31 ans),0,0,0,0,0
,Jovo Lukić,Universitatea Cluj,1,20/07/1998 (27 ans),0,0,0,0,0
Sélectionneur,,,,,,,,,
,Sergej Barbarez,,,17/09/1971 (54 ans),,,,,
,,,,,,,,,
"* NB : Les âges sont calculés au début de la Coupe du monde 2026, le 11 juin 2026.",,,,,,,,,
,,,,,,,,,
,,,,,,,,,
Suisse,,,,,,,,,
,,,,,,,,,
Numéro / Nom,,Club,Sél.,Date de naissance et âge*,J.,Buts,,,
Gardiens de but,,,,,,,,,
,Gregor Kobel,Borussia Dortmund,24,06/12/1997 (28 ans),0,0,0,0,0
,Marvin Keller,BSC Young Boys,0,03/07/2002 (23 ans),0,0,0,0,0
,Yvon Mvogo,FC Lorient,12,06/06/1994 (32 ans),0,0,0,0,0
Défenseurs,,,,,,,,,
,Manuel Akanji,Inter Milan,71,19/07/1995 (30 ans),0,0,0,0,0
,Aurèle Amenda,Eintracht Francfort,5,31/07/2003 (22 ans),0,0,0,0,0
,Eray Cömert,Valencia CF,18,04/02/1998 (28 ans),0,0,0,0,0
,Nico Elvedi,Borussia Mönchengladbach,62,30/09/1996 (29 ans),0,0,0,0,0
,Luca Jaquez,VfB Stuttgart,2,24/06/2003 (22 ans),0,0,0,0,0
,Miro Muheim,Hamburger SV,7,24/03/1998 (28 ans),0,0,0,0,0
,Ricardo Rodríguez,Real Betis,136,25/08/1992 (33 ans),0,0,0,0,0
,Silvan Widmer,1.FSV Mainz 05,52,05/03/1993 (33 ans),0,0,0,0,0
Milieux de terrain,,,,,,,,,
,Michel Aebischer,Pisa SC,33,06/01/1997 (29 ans),0,0,0,0,0
,Christian Fassnacht,BSC Young Boys,23,11/11/1993 (32 ans),0,0,0,0,0
,Remo Freuler,Bologna FC,79,15/04/1992 (34 ans),0,0,0,0,0
,Ardon Jashari,AC Milan,18,30/07/2002 (23 ans),0,0,0,0,0
,Johan Manzambi,SC Freiburg,1,14/10/2005 (20 ans),0,0,0,0,0
,Fabian Rieder,FC Augsburg,21,16/02/2002 (24 ans),0,0,0,0,0
,Djibril Sow,Sevilla FC,48,06/02/1997 (29 ans),0,0,0,0,0
,Granit Xhaka,Sunderland AFC,144,27/09/1992 (33 ans),0,0,0,0,0
,Denis Zakaria,AS Monaco,61,20/11/1996 (29 ans),0,0,0,0,0
Attaquants,,,,,,,,,
,Zeki Amdouni,Burnley FC,29,04/12/2000 (25 ans),0,0,0,0,0
,Breel Embolo,Stade Rennais FC,78,14/02/1997 (29 ans),0,0,0,0,0
,Cedric Itten,Fortuna Düsseldorf,16,27/12/1996 (29 ans),0,0,0,0,0
,Dan Ndoye,Nottingham Forest FC,27,25/10/2000 (25 ans),0,0,0,0,0
,Noah Okafor,Leeds United FC,31,24/05/2000 (26 ans),0,0,0,0,0
,Rubén Vargas,Sevilla FC,55,05/08/1998 (27 ans),0,0,0,0,0
Sélectionneur,,,,,,,,,
,Murat Yakin,,,15/09/1974 (51 ans),,,,,
,,,,,,,,,
"* NB : Les âges sont calculés au début de la Coupe du monde 2026, le 11 juin 2026.",,,,,,,,,
,,,,,,,,,
Groupe C,,,,,,,,,
Brésil,,,,,,,,,
Numéro / Nom,,Club,Date de naissance et âge*,J.,Buts,,,,
Gardiens de but,,,,,,,,,
,Alisson,Liverpool FC,2 octobre 1992 (33 ans),0,0,0,0,0,
,Ederson,Fenerbahçe SK,17 août 1993 (32 ans),0,0,0,0,0,
,Weverton,Grêmio FBPA,13 décembre 1987 (38 ans),0,0,0,0,0,
Défenseurs,,,,,,,,,
,Alex Sandro,CR Flamengo,26 janvier 1991 (35 ans),0,0,0,0,0,
,Bremer,Juventus FC,18 mars 1997 (29 ans),0,0,0,0,0,
,Danilo,CR Flamengo,15 juillet 1991 (34 ans),0,0,0,0,0,
,Douglas Santos,Zénith Saint-Pétersbourg,22 mars 1994 (32 ans),0,0,0,0,0,
,Gabriel,Arsenal FC,19 décembre 1997 (28 ans),0,0,0,0,0,
,Roger Ibañez,Al-Ahli FC,23 novembre 1998 (27 ans),0,0,0,0,0,
,Léo Pereira,CR Flamengo,31 janvier 1996 (30 ans),0,0,0,0,0,
,Marquinhos,Paris Saint-Germain,14 mai 1994 (32 ans),0,0,0,0,0,
,Wesley França,AS Rome,6 septembre 2003 (22 ans),0,0,0,0,0,
Milieux de terrain,,,,,,,,,
,Bruno Guimarães,Newcastle United,16 novembre 1997 (28 ans),0,0,0,0,0,
,Casemiro,Manchester United,23 février 1992 (34 ans),0,0,0,0,0,
,Danilo,Botafogo FR,19 avril 2001 (25 ans),0,0,0,0,0,
,Fabinho,Ittihad Club,23 octobre 1993 (32 ans),0,0,0,0,0,
,Lucas Paquetá,CR Flamengo,27 août 1997 (28 ans),0,0,0,0,0,
Attaquants,,,,,,,,,
,Endrick,Olympique lyonnais,21 juillet 2006 (19 ans),0,0,0,0,0,
,Gabriel Martinelli,Arsenal FC,18 juin 2001 (24 ans),0,0,0,0,0,
,Igor Thiago,Brentford FC,26 juin 2001 (24 ans),0,0,0,0,0,
,Luiz Henrique,Zénith Saint-Pétersbourg,2 janvier 2001 (25 ans),0,0,0,0,0,
,Matheus Cunha,Manchester United,27 mai 1999 (27 ans),0,0,0,0,0,
,Neymar,Santos FC,5 février 1992 (34 ans),0,0,0,0,0,
,Raphinha,FC Barcelone,14 décembre 1996 (29 ans),0,0,0,0,0,
,Rayan,AFC Bournemouth,3 août 2006 (19 ans),0,0,0,0,0,
,Vinícius Júnior,Real Madrid,12 juillet 2000 (25 ans),0,0,0,0,0,
Sélectionneur,,,,,,,,,
,Carlo Ancelotti,,10 juin 1959 (67 ans),,,,,,
,,,,,,,,,
"* NB : Les âges sont calculés au début de la Coupe du monde 2026, le 11 juin 2026.",,,,,,,,,
,,,,,,,,,
,,,,,,,,,
Maroc,,,,,,,,,
Numéro / Nom,,Équipe actuelle,Date de naissance et âge*,J.,Buts,,,,
Gardiens de but,,,,,,,,,
,Yassine Bounou,Al-Hilal,5 avril 1991 (35 ans),0,0,0,0,0,
,Munir El Kajoui,RS Berkane,10 mai 1989 (37 ans),0,0,0,0,0,
,Ahmed Reda Tagnaouti,MAS de Fès,5 avril 1996 (30 ans),0,0,0,0,0,
Défenseurs,,,,,,,,,
,Achraf Hakimi,Paris SG,4 novembre 1998 (27 ans),0,0,0,0,0,
,Noussair Mazraoui,Manchester United,14 novembre 1997 (28 ans),0,0,0,0,0,
,Anass Salah-Eddine,FC Twente,18 janvier 2002 (24 ans),0,0,0,0,0,
,Youssef Belammari,Raja CA,20 septembre 1998 (27 ans),0,0,0,0,0,
,Issa Diop,Fulham FC,9 janvier 1997 (29 ans),0,0,0,0,0,
,Chadi Riad,Crystal Palace,17 juin 2003 (22 ans),0,0,0,0,0,
,Zakaria El Ouahdi,KRC Genk,29 décembre 2001 (24 ans),0,0,0,0,0,
,Redouane Halhal,KV Mechelen,5 mars 2003 (23 ans),0,0,0,0,0,
,Nayef Aguerd,Real Sociedad,30 mars 1996 (30 ans),0,0,0,0,0,
Milieux de terrain,,,,,,,,,
,Neil El Aynaoui,RC Lens,2 juillet 2001 (24 ans),0,0,0,0,0,
,Bilal El Khannouss,Leicester City,10 mai 2004 (22 ans),0,0,0,0,0,
,Azzedine Ounahi,Panathinaïkos,19 avril 2000 (26 ans),0,0,0,0,0,
,Ayyoub Bouaddi,LOSC Lille,2 octobre 2007 (18 ans),0,0,0,0,0,
,Ismael Saibari,PSV Eindhoven,28 janvier 2001 (25 ans),0,0,0,0,0,
,Sofyan Amrabat,Fenerbahçe,21 août 1996 (29 ans),0,0,0,0,0,
,Samir El Mourabet,RC Strasbourg,17 octobre 2005 (20 ans),0,0,0,0,0,
Attaquants,,,,,,,,,
,Brahim Díaz,Real Madrid,3 août 1999 (26 ans),0,0,0,0,0,
,Ez Abde,Real Betis,17 décembre 2001 (24 ans),0,0,0,0,0,
,Ayoube Amaimouni,Eintracht Francfort,30 novembre 2004 (21 ans),0,0,0,0,0,
,Soufiane Rahimi,Al-Aïn FC,2 juin 1996 (30 ans),0,0,0,0,0,
,Chemsdine Talbi,Club Bruges,9 mai 2005 (21 ans),0,0,0,0,0,
,Gessime Yassine,RC Strasbourg,22 novembre 2005 (20 ans),0,0,0,0,0,
,Ayoub El Kaabi,Olympiakos,25 juin 1993 (32 ans),0,0,0,0,0,
Sélectionneur,,,,,,,,,
,Mohamed Ouahbi,,7 septembre 1976 (49 ans),,,,,,
,,,,,,,,,
"* NB : Les âges sont calculés au début de la Coupe du monde 2026, le 11 juin 2026.",,,,,,,,,
,,,,,,,,,
,,,,,,,,,
Haïti,,,,,,,,,
,,,,,,,,,
Haïti,,,,,,,,,
Numéro / Nom,,Club,Sél.,Date de naissance et âge*,J.,Buts,,,
Gardiens de but,,,,,,,,,
,Johny Placide,SC Bastia,77,29/01/1988 (38 ans),0,0,0,0,0
,Alexandre Pierre,FC Sochaux-Montbéliard,7,25/02/2001 (25 ans),0,0,0,0,0
,Josué Duverger,FC Cosmos Koblenz,11,12/04/2000 (26 ans),0,0,0,0,0
Défenseurs,,,,,,,,,
,Carlens Arcus,SCO Angers,34,28/06/1996 (29 ans),0,0,0,0,0
,Jean-Kévin Duverne,KAA La Gantoise,17,12/07/1997 (28 ans),0,0,0,0,0
,Martin Expérience,AS Nancy Lorraine,19,16/05/1998 (28 ans),0,0,0,0,0
,Ricardo Adé,LDU Quito,42,21/02/1990 (36 ans),0,0,0,0,0
,Hannes Delcroix,FC Lugano,4,28/02/1999 (27 ans),0,0,0,0,0
,Wilguens Paugain,SV Zulte Waregem,9,15/08/1998 (27 ans),0,0,0,0,0
,Duke Lacroix,Colorado Springs Switchbacks FC,8,14/10/1993 (32 ans),0,0,0,0,0
,Keeto Thermoncy,BSC Young Boys,3,28/01/2002 (24 ans),0,0,0,0,0
Milieux de terrain,,,,,,,,,
,Jean-Ricner Bellegarde,Wolverhampton Wanderers FC,8,27/06/1998 (27 ans),0,0,0,0,0
,Leverton Pierre,FC Vizela,16,09/03/1998 (28 ans),0,0,0,0,0
,Danley Jean Jacques,Philadelphia Union,15,11/05/2000 (26 ans),0,0,0,0,0
,Woodensky Pierre,Real Hope FA,13,01/03/2000 (26 ans),0,0,0,0,0
,Carl Fred Sainté,El Paso Locomotive FC,24,16/09/2002 (23 ans),0,0,0,0,0
,Dominique Simon,1.FC Tatran Prešov,6,13/07/2000 (25 ans),0,0,0,0,0
Attaquants,,,,,,,,,
,Wilson Isidor,Sunderland AFC,2,27/08/2000 (25 ans),0,0,0,0,0
,Derrick Etienne Jr.,Toronto FC,30,25/11/1996 (29 ans),0,0,0,0,0
,Lenny Joseph,Ferencvárosi TC,0,12/10/2001 (24 ans),0,0,0,0,0
,Deedson Louicius,FC Dallas,14,11/12/2000 (25 ans),0,0,0,0,0
,Duckens Nazon,Esteghlal FC,67,07/04/1994 (32 ans),0,0,0,0,0
,Frantzdy Pierrot,Çaykur Rizespor,39,20/03/1995 (31 ans),0,0,0,0,0
,Yassin Fortuné,FC Vizela,5,30/01/1999 (27 ans),0,0,0,0,0
,Josué Casimir,AJ Auxerre,18,24/09/2001 (24 ans),0,0,0,0,0
,Ruben Providence,Almere City FC,9,07/07/2001 (24 ans),0,0,0,0,0
Sélectionneur,,,,,,,,,
,Sébastien Migné,,,30/11/1972 (53 ans),,,,,
,,,,,,,,,
"* NB : Les âges sont calculés au début de la Coupe du monde 2026, le 11 juin 2026.",,,,,,,,,
,,,,,,,,,
Écosse,,,,,,,,,
Numéro / Nom,,Équipe actuelle,Date de naissance et âge*,J.,Buts,,,,
Gardiens de but,,,,,,,,,
,Craig Gordon,Heart of Midlothian,31 décembre 1982 (43 ans),0,0,0,0,0,
,Angus Gunn,Norwich City,22 janvier 1996 (30 ans),0,0,0,0,0,
,Liam Kelly,Motherwell,23 janvier 1996 (30 ans),0,0,0,0,0,
Défenseurs,,,,,,,,,
,Grant Hanley,Norwich City,20 novembre 1991 (34 ans),0,0,0,0,0,
,Jack Hendry,Al-Ettifaq,7 mai 1995 (31 ans),0,0,0,0,0,
,Aaron Hickey,Brentford,10 juin 2002 (24 ans),0,0,0,0,0,
,Dom Hyam,Blackburn Rovers,20 décembre 1995 (30 ans),0,0,0,0,0,
,Scott McKenna,Dinamo Zagreb,12 novembre 1996 (29 ans),0,0,0,0,0,
,Nathan Patterson,Everton,16 octobre 2001 (24 ans),0,0,0,0,0,
,Anthony Ralston,Celtic Glasgow,16 novembre 1998 (27 ans),0,0,0,0,0,
,Andrew Robertson,Liverpool,11 mars 1994 (32 ans),0,0,0,0,0,
,John Souttar,Glasgow Rangers,25 septembre 1996 (29 ans),0,0,0,0,0,
,Kieran Tierney,Celtic Glasgow,5 juin 1997 (29 ans),0,0,0,0,0,
Milieux de terrain,,,,,,,,,
,Ryan Christie,Bournemouth,22 février 1995 (31 ans),0,0,0,0,0,
,Findlay Curtis,Glasgow Rangers,20 juin 2006 (19 ans),0,0,0,0,0,
,Lewis Ferguson,Bologne FC,24 août 1999 (26 ans),0,0,0,0,0,
,Ben Gannon-Doak,Middlesbrough,11 novembre 2005 (20 ans),0,0,0,0,0,
,Billy Gilmour,Naples,11 juin 2001 (25 ans),0,0,0,0,0,
,John McGinn,Aston Villa,18 octobre 1994 (31 ans),0,0,0,0,0,
,Kenny McLean,Norwich City,8 janvier 1992 (34 ans),0,0,0,0,0,
,Scott McTominay,Naples,8 décembre 1996 (29 ans),0,0,0,0,0,
Attaquants,,,,,,,,,
,Ché Adams,Torino,13 juillet 1996 (29 ans),0,0,0,0,0,
,Lyndon Dykes,Charlton Athletic FC,7 octobre 1995 (30 ans),0,0,0,0,0,
,George Hirst,Ipswich Town,15 février 1999 (27 ans),0,0,0,0,0,
,Lawrence Shankland,Heart of Midlothian,10 août 1995 (30 ans),0,0,0,0,0,
,Ross Stewart,Southampton,11 juillet 1996 (29 ans),0,0,0,0,0,
Sélectionneur,,,,,,,,,
,Steve Clark,,29 août 1963 (62 ans),,,,,,
,,,,,,,,,
"* NB : Les âges sont calculés au début de la Coupe du monde 2026, le 11 juin 2026.",,,,,,,,,
,,,,,,,,,
,,,,,,,,,
Groupe D,,,,,,,,,
États-Unis,,,,,,,,,
,,,,,,,,,
Numéro / Nom,,Équipe actuelle,Date de naissance et âge*,J.,Buts,,,,
Gardiens de but,,,,,,,,,
1,Matt Turner,New England Revolution,24 juin 1994 (31 ans),0,0,0,0,0,
24,Matt Freese,New York City,2 septembre 1998 (27 ans),0,0,0,0,0,
25,Chris Brady,Chicago Fire,3 mars 2004 (22 ans),0,0,0,0,0,
Défenseurs,,,,,,,,,
2,Sergiño Dest,PSV Eindhoven,3 novembre 2000 (25 ans),0,0,0,0,0,
3,Chris Richards,Crystal Palace,28 mars 2000 (26 ans),0,0,0,0,0,
5,Antonee Robinson,Fulham FC,8 août 1997 (28 ans),0,0,0,0,0,
6,Auston Trusty,Celtic FC,12 août 1998 (27 ans),0,0,0,0,0,
12,Miles Robinson,FC Cincinnati,14 mars 1997 (29 ans),0,0,0,0,0,
13,Tim Ream,Charlotte FC,5 octobre 1987 (38 ans),0,0,0,0,0,
16,Alex Freeman,Villarreal CF,9 août 2004 (21 ans),0,0,0,0,0,
18,Max Arfsten,Columbus Crew,19 avril 2001 (25 ans),0,0,0,0,0,
22,Mark McKenzie,Toulouse FC,25 février 1999 (27 ans),0,0,0,0,0,
23,Joe Scally,Borussia Mönchengladbach,31 décembre 2002 (23 ans),0,0,0,0,0,
Milieux de terrain,,,,,,,,,
4,Tyler Adams,AFC Bournemouth,14 février 1999 (27 ans),0,0,0,0,0,
7,Gio Reyna,Borussia Mönchengladbach,13 novembre 2002 (23 ans),0,0,0,0,0,
8,Weston McKennie,Juventus FC,28 août 1998 (27 ans),0,0,0,0,0,
14,Sebastian Berhalter,Vancouver Whitecaps,10 mai 2001 (25 ans),0,0,0,0,0,
15,Cristian Roldan,Seattle Sounders,3 juin 1995 (31 ans),0,0,0,0,0,
17,Malik Tillman,Bayer Leverkusen,28 mai 2002 (24 ans),0,0,0,0,0,
Attaquants,,,,,,,,,
9,Ricardo Pepi,PSV Eindhoven,9 janvier 2003 (23 ans),0,0,0,0,0,
10,Christian Pulisic,AC Milan,18 septembre 1998 (27 ans),0,0,0,0,0,
11,Brenden Aaronson,Leeds United,22 octobre 2000 (25 ans),0,0,0,0,0,
19,Haji Wright,Coventry City,27 mars 1998 (28 ans),0,0,0,0,0,
20,Folarin Balogun,AS Monaco,3 juillet 2001 (24 ans),0,0,0,0,0,
21,Timothy Weah,Olympique de Marseille,22 février 2000 (26 ans),0,0,0,0,0,
26,Alejandro Zendejas,Club América,7 février 1998 (28 ans),0,0,0,0,0,
Sélectionneur,,,,,,,,,
,Mauricio Pochettino,,2 mars 1972 (54 ans),,,,,,
,,,,,,,,,
"* NB : Les âges sont calculés au début de la Coupe du monde 2026, le 11 juin 2026.",,,,,,,,,
,,,,,,,,,
,,,,,,,,,
Paraguay,,,,,,,,,
La sélection a été annoncée le 1er juin 2026[13].,,,,,,,,,
,,,,,,,,,
Numéro / Nom,,Club,Sél.,Date de naissance et âge*,J.,Buts,,,
Gardiens de but,,,,,,,,,
,Roberto Fernández,Club Cerro Porteño,31,29/03/2000 (26 ans),0,0,0,0,0
,Orlando Gill,Club Atlético San Lorenzo,8,11/06/2000 (26 ans),0,0,0,0,0
,Gastón Olveira,Club Olimpia,14,21/04/1993 (33 ans),0,0,0,0,0
Défenseurs,,,,,,,,,
,Omar Alderete,Sunderland AFC,63,26/12/1996 (29 ans),0,0,0,0,0
,Júnior Alonso,Atlético Mineiro,83,09/02/1993 (33 ans),0,0,0,0,0
,Fabián Balbuena,Grêmio Porto Alegre,57,23/08/1991 (34 ans),0,0,0,0,0
,Juan Cáceres,FK Dinamo Moscou,41,01/06/2000 (26 ans),0,0,0,0,0
,José Canale,Club Atlético Lanús,24,19/07/1996 (29 ans),0,0,0,0,0
,Gustavo Gómez,SE Palmeiras,93,06/05/1993 (33 ans),0,0,0,0,0
,Alexandro Maidana,Club Atlético Talleres,4,26/07/2005 (20 ans),0,0,0,0,0
,Gustavo Velázquez,Club Cerro Porteño,19,17/06/1991 (34 ans),0,0,0,0,0
Milieux de terrain,,,,,,,,,
,Damián Bobadilla,São Paulo FC,17,11/07/2001 (24 ans),0,0,0,0,0
,Andrés Cubas,Vancouver Whitecaps FC,37,11/05/1996 (30 ans),0,0,0,0,0
,Matías Galarza,Atlanta United FC,20,11/02/2002 (24 ans),0,0,0,0,0
,Diego Gómez,Brighton & Hove Albion FC,34,27/03/2003 (23 ans),0,0,0,0,0
,Maurício Magalhães Prado,SE Palmeiras,3,22/06/2001 (24 ans),0,0,0,0,0
,Braian Ojeda,Orlando City SC,25,27/06/2000 (25 ans),0,0,0,0,0
,"Alejandro Romero Gamarra ""Kaku""",Al-Aïn FC,48,11/01/1995 (31 ans),0,0,0,0,0
Attaquants,,,,,,,,,
,Miguel Almirón,Atlanta United FC,69,10/02/1994 (32 ans),0,0,0,0,0
,Álex Arce,Club Sportivo Independiente Rivadavia,12,09/06/1995 (31 ans),0,0,0,0,0
,Gabriel Ávalos,Club Atlético Independiente,29,06/12/1990 (35 ans),0,0,0,0,0
,Gustavo Caballero,Portsmouth FC,9,21/09/2001 (24 ans),0,0,0,0,0
,Julio Enciso,Racing Club de Strasbourg Alsace,31,23/01/2004 (22 ans),0,0,0,0,0
,Isidro Pitta,Red Bull Bragantino,20,14/08/1999 (26 ans),0,0,0,0,0
,Antonio Sanabria,US Cremonese,43,04/03/1996 (30 ans),0,0,0,0,0
,Ramón Sosa,SE Palmeiras,28,31/08/1999 (26 ans),0,0,0,0,0
Sélectionneur,,,,,,,,,
,Gustavo Alfaro,,,14/08/1962 (63 ans),,,,,
,,,,,,,,,
"* NB : Les âges sont calculés au début de la Coupe du monde 2026, le 11 juin 2026.",,,,,,,,,
,,,,,,,,,
Australie,,,,,,,,,
,,,,,,,,,
Numéro / Nom,,Club,Sél.,Date de naissance et âge*,J.,Buts,,,
Gardiens de but,,,,,,,,,
,Patrick Beach,Melbourne City FC,2,06/08/2003 (22 ans),0,0,0,0,0
,Paul Izzo,Randers FC,9,06/01/1995 (31 ans),0,0,0,0,0
,Mathew Ryan,Levante UD,104,08/04/1992 (34 ans),0,0,0,0,0
Défenseurs,,,,,,,,,
,Aziz Behich,Melbourne City FC,88,16/12/1990 (35 ans),0,0,0,0,0
,Jordan Bos,Feyenoord Rotterdam,22,29/10/2002 (23 ans),0,0,0,0,0
,Cameron Burgess,Swansea City AFC,20,21/10/1995 (30 ans),0,0,0,0,0
,Alessandro Circati,Parma Calcio 1913,15,10/10/2003 (22 ans),0,0,0,0,0
,Miloš Degenek,APOEL Nicosie,51,28/04/1994 (32 ans),0,0,0,0,0
,Jason Geria,Albirex Niigata,16,10/05/1993 (33 ans),0,0,0,0,0
,Lucas Herrington,Colorado Rapids,3,18/01/2008 (18 ans),0,0,0,0,0
,Jacob Italiano,Grazer AK,8,30/07/2001 (24 ans),0,0,0,0,0
,Harry Souttar,Leicester City FC,42,22/10/1998 (27 ans),0,0,0,0,0
,Kai Trewin,New York City FC,6,18/05/2001 (25 ans),0,0,0,0,0
Milieux de terrain,,,,,,,,,
,Cameron Devlin,Heart of Midlothian FC,12,07/06/1998 (28 ans),0,0,0,0,0
,Ajdin Hrustić,Heracles Almelo,31,05/07/1996 (29 ans),0,0,0,0,0
,Jackson Irvine,FC St. Pauli,85,07/03/1993 (33 ans),0,0,0,0,0
,Connor Metcalfe,FC St. Pauli,27,05/11/1999 (26 ans),0,0,0,0,0
,Paul Okon-Engstler,Sydney FC,5,15/04/2005 (21 ans),0,0,0,0,0
,Aiden O'Neill,New York City FC,25,04/07/1998 (27 ans),0,0,0,0,0
Attaquants,,,,,,,,,
,Nestory Irankunda,Watford FC,11,09/02/2006 (20 ans),0,0,0,0,0
,Mathew Leckie,Melbourne City FC,84,04/02/1991 (35 ans),0,0,0,0,0
,Awer Mabil,CD Castellón,39,15/09/1995 (30 ans),0,0,0,0,0
,Mohamed Touré,Norwich City FC,9,26/03/2004 (22 ans),0,0,0,0,0
,Nishan Velupillay,Melbourne Victory FC,7,12/05/2001 (25 ans),0,0,0,0,0
,Cristian Volpato,US Sassuolo Calcio,0,15/11/2003 (22 ans),0,0,0,0,0
,Tete Yengi,FC Machida Zelvia,0,30/12/2000 (25 ans),0,0,0,0,0
Sélectionneur,,,,,,,,,
,Tony Popović,,,04/07/1973 (52 ans),,,,,
,,,,,,,,,
"* NB : Les âges sont calculés au début de la Coupe du monde 2026, le 11 juin 2026.",,,,,,,,,
,,,,,,,,,
Turquie,,,,,,,,,
,,,,,,,,,
Numéro / Nom,,Club,Sél.,Date de naissance et âge*,J.,Buts,,,
Gardiens de but,,,,,,,,,
,Altay Bayindir,Manchester United FC,12,14/04/1998 (28 ans),0,0,0,0,0
,Mert Günok,Beşiktaş JK,36,01/03/1989 (37 ans),0,0,0,0,0
,Uğurcan Çakir,Galatasaray SK,28,05/04/1996 (30 ans),0,0,0,0,0
Défenseurs,,,,,,,,,
,Abdülkerim Bardakci,Galatasaray SK,21,07/09/1994 (31 ans),0,0,0,0,0
,Çağlar Söyüncü,Fenerbahçe SK,55,23/05/1996 (30 ans),0,0,0,0,0
,Eren Elmali,Galatasaray SK,9,07/07/2000 (25 ans),0,0,0,0,0
,Ferdi Kadioğlu,Brighton & Hove Albion FC,45,07/10/1999 (26 ans),0,0,0,0,0
,Merih Demiral,Al-Ahli Saudi FC,48,05/03/1998 (28 ans),0,0,0,0,0
,Mert Müldür,Fenerbahçe SK,30,03/04/1999 (27 ans),0,0,0,0,0
,Ozan Kabak,TSG 1899 Hoffenheim,28,25/03/2000 (26 ans),0,0,0,0,0
,Samet Akaydin,Çaykur Rizespor,15,13/03/1994 (32 ans),0,0,0,0,0
,Zeki Çelik,AS Roma,46,17/02/1997 (29 ans),0,0,0,0,0
Milieux de terrain,,,,,,,,,
,Hakan Çalhanoğlu,Inter Milan FC,98,08/02/1994 (32 ans),0,0,0,0,0
,Ismail Yüksek,Fenerbahçe SK,18,26/01/1999 (27 ans),0,0,0,0,0
,Kaan Ayhan,Galatasaray SK,34,10/11/1994 (31 ans),0,0,0,0,0
,Orkun Kökçü,Beşiktaş JK,42,29/12/2000 (25 ans),0,0,0,0,0
,Salih Özcan,Borussia Dortmund,21,11/01/1998 (28 ans),0,0,0,0,0
Attaquants,,,,,,,,,
,Arda Güler,Real Madrid CF,22,25/02/2005 (21 ans),0,0,0,0,0
,Bariş Alper Yilmaz,Galatasaray SK,25,14/05/2000 (26 ans),0,0,0,0,0
,Can Uzun,Eintracht Francfort,6,11/11/2005 (20 ans),0,0,0,0,0
,Deniz Gül,FC Porto,3,04/07/2004 (21 ans),0,0,0,0,0
,Irfan Can Kahveci,Fenerbahçe SK,38,15/07/1995 (30 ans),0,0,0,0,0
,Kenan Yildiz,Juventus Turin FC,17,04/05/2005 (21 ans),0,0,0,0,0
,Kerem Aktürkoğlu,Fenerbahçe SK,40,21/10/1998 (27 ans),0,0,0,0,0
,Oğuz Aydin,Fenerbahçe SK,5,27/10/2000 (25 ans),0,0,0,0,0
,Yunus Akgün,Galatasaray SK,24,07/07/2000 (25 ans),0,0,0,0,0
Sélectionneur,,,,,,,,,
,Vincenzo Montella,,,18/06/1974 (52 ans),,,,,
,,,,,,,,,
"* NB : Les âges sont calculés au début de la Coupe du monde 2026, le 11 juin 2026.",,,,,,,,,
,,,,,,,,,
Groupe E,,,,,,,,,
Allemagne,,,,,,,,,
N°,Nom,Équipe actuelle,Date de naissance et âge*,J.,Buts,,,,
Gardiens de but,,,,,,,,,
1,Manuel Neuer,Bayern Munich,27 mars 1986 (40 ans),0,0,0,0,0,
12,Oliver Baumann,TSG Hoffenheim,2 juin 1990 (36 ans),0,0,0,0,0,
21,Alexander Nübel,VfB Stuttgart,30 septembre 1996 (29 ans),0,0,0,0,0,
Défenseurs,,,,,,,,,
2,Antonio Rüdiger,Real Madrid,3 mars 1993 (33 ans),0,0,0,0,0,
3,Waldemar Anton,Borussia Dortmund,20 juillet 1996 (29 ans),0,0,0,0,0,
4,Jonathan Tah,Bayern Munich,11 février 1996 (30 ans),0,0,0,0,0,
15,Nico Schlotterbeck,Borussia Dortmund,1er décembre 1999 (26 ans),0,0,0,0,0,
18,Nathaniel Brown,Eintracht Francfort,16 juin 2003 (22 ans),0,0,0,0,0,
22,David Raum,RB Leipzig,22 avril 1998 (28 ans),0,0,0,0,0,
24,Malick Thiaw,Newcastle United,8 août 2001 (24 ans),0,0,0,0,0,
Milieux de terrain,,,,,,,,,
5,Aleksandar Pavlović,Bayern Munich,3 mai 2004 (22 ans),0,0,0,0,0,
6,Joshua Kimmich,Bayern Munich,8 février 1995 (31 ans),0,0,0,0,0,
8,Leon Goretzka,Bayern Munich,6 février 1995 (31 ans),0,0,0,0,0,
10,Jamal Musiala,Bayern Munich,26 février 2003 (23 ans),0,0,0,0,0,
13,Pascal Groß,Brighton & Hove Albion,15 juin 1991 (34 ans),0,0,0,0,0,
17,Florian Wirtz,Liverpool FC,3 mai 2003 (23 ans),0,0,0,0,0,
20,Nadiem Amiri,FSV Mayence,27 octobre 1996 (29 ans),0,0,0,0,0,
23,Felix Nmecha,Borussia Dortmund,10 octobre 2000 (25 ans),0,0,0,0,0,
25,Lennart Karl,Bayern Munich,31 janvier 2008 (18 ans),0,0,0,0,0,
Attaquants,,,,,,,,,
7,Kai Havertz,Arsenal FC,11 juin 1999 (27 ans),0,0,0,0,0,
9,Jamie Leweling,VfB Stuttgart,26 février 2001 (25 ans),0,0,0,0,0,
11,Nick Woltemade,Newcastle United,14 février 2002 (24 ans),0,0,0,0,0,
14,Maximilian Beier,Borussia Dortmund,17 octobre 2002 (23 ans),0,0,0,0,0,
19,Leroy Sané,Galatasaray SK,11 janvier 1996 (30 ans),0,0,0,0,0,
26,Deniz Undav,VfB Stuttgart,19 juillet 1996 (29 ans),0,0,0,0,0,
Sélectionneur,,,,,,,,,
,Julian Nagelsmann,,23 juillet 1987 (38 ans),,,,,,
,,,,,,,,,
"* NB : Les âges sont calculés au début de la Coupe du monde 2026, le 11 juin 2026.",,,,,,,,,
,,,,,,,,,
,,,,,,,,,
Curaçao,,,,,,,,,
Numéro / Nom,,Équipe actuelle,Date de naissance et âge*,J.,Buts,,,,
Gardiens de but,,,,,,,,,
,Tyrick Bodak,Telstar,15 mai 2002 (24 ans),0,0,0,0,0,
,Trevor Doornbusch,VVV-Venlo,16 août 1999 (26 ans),0,0,0,0,0,
,Eloy Room,Miami FC,6 février 189 (37 ans),0,0,0,0,0,
Défenseurs,,,,,,,,,
,Riechedly Bazoer,Konyaspor,12 octobre 1996 (29 ans),0,0,0,0,0,
,Joshua Brenet,Kayserispor,20 mars 1994 (32 ans),0,0,0,0,0,
,Roshon van Eijma,RKC Waalwijk,9 juin 1998 (28 ans),0,0,0,0,0,
,Sherel Floranus,Zwolle,23 août 1998 (27 ans),0,0,0,0,0,
,Deveron Fonville,Nijmegen,1er août 2003 (22 ans),0,0,0,0,0,
,Juriën Gaari,Abha Club,23 décembre 1993 (32 ans),0,0,0,0,0,
,Armando Obispo,PSV Eindhoven,5 mars 1999 (27 ans),0,0,0,0,0,
,Shurandy Sambo,Sparta Rotterdam,19 août 2001 (24 ans),0,0,0,0,0,
Milieux de terrain,,,,,,,,,
,Juninho Bacuna,Volendam,7 août 1997 (28 ans),0,0,0,0,0,
,Leandro Bacuna,Iğdır,21 août 1991 (34 ans),0,0,0,0,0,
,Livano Comenencia,FC Zürich,3 février 2004 (22 ans),0,0,0,0,0,
,Kevin Felida,Den Bosch,11 novembre 1999 (26 ans),0,0,0,0,0,
,Ar'jany Martha,Rotherham United,4 septembre 2003 (22 ans),0,0,0,0,0,
,Tyrese Noslin,Telstar,13 février 2002 (24 ans),0,0,0,0,0,
,Godfried Roemeratoe,RKC Waalwijk,19 août 1999 (26 ans),0,0,0,0,0,
Attaquants,,,,,,,,,
,Jeremy Antonisse,AE Kifisia,29 mars 2002 (24 ans),0,0,0,0,0,
,Tahith Chong,Sheffield United,4 décembre 1999 (26 ans),0,0,0,0,0,
,Kenji Gorré,Maccabi Haïfa,29 septembre 1994 (31 ans),0,0,0,0,0,
,Sontje Hansen,Middlesbrough,18 mai 2002 (24 ans),0,0,0,0,0,
,Gervane Kastaneer,Terengganu,9 juin 1996 (30 ans),0,0,0,0,0,
,Brandley Kuwas,Volendam,19 septembre 1992 (33 ans),0,0,0,0,0,
,Jürgen Locadia,Miami FC,7 novembre 1993 (32 ans),0,0,0,0,0,
,Jearl Margaritha,Beveren,10 septembre 2000 (25 ans),0,0,0,0,0,
Sélectionneur,,,,,,,,,
,Dick Advocaat,,27 septembre 1947 (78 ans),,,,,,
,,,,,,,,,
"* NB : Les âges sont calculés au début de la Coupe du monde 2026, le 11 juin 2026.",,,,,,,,,
,,,,,,,,,
,,,,,,,,,
Côte d'Ivoire,,,,,,,,,
Numéro / Nom,,Équipe actuelle,Date de naissance et âge*,J.,Buts,,,,
Gardiens de but,,,,,,,,,
1,Yahia Fofana,Çaykur Rizespor,21 août 2000 (25 ans),0,0,0,0,0,
16,Mohamed Koné,Charleroi,7 mars 2002 (24 ans),0,0,0,0,0,
23,Alban Lafont,Panathinaïkos,23 janvier 1999 (27 ans),0,0,0,0,0,
Défenseurs,,,,,,,,,
20,Emmanuel Agbadou,Beşiktaş,7 juin 1997 (29 ans),0,0,0,0,0,
13,Christopher Operi,Istanbul Başakşehir FK,29 avril 1997 (29 ans),0,0,0,0,0,
2,Ousmane Diomandé,Sporting CP,4 décembre 2003 (22 ans),0,0,0,0,0,
17,Guéla Doué,Strasbourg,17 octobre 2002 (23 ans),0,0,0,0,0,
3,Ghislain Konan,Gil Vicente,27 décembre 1995 (30 ans),0,0,0,0,0,
7,Odilon Kossounou,Atalanta,4 janvier 2001 (25 ans),0,0,0,0,0,
9,Ange-Yoan Bonny,Inter Milan,25 octobre 2003 (22 ans),0,0,0,0,0,
5,Wilfried Singo,Galatasaray,25 décembre 2000 (25 ans),0,0,0,0,0,
Milieux de terrain,,,,,,,,,
6,Seko Fofana,FC Porto,7 mai 1995 (31 ans),0,0,0,0,0,
25,Parfait Guiagon,Charleroi,22 février 2001 (25 ans),0,0,0,0,0,
26,Christ Inao Oulaï,Trabzonspor,22 décembre 2004 (21 ans),0,0,0,0,0,
8,Franck Kessié,Al-Ahli FC,19 décembre 1996 (29 ans),0,0,0,0,0,
18,Ibrahim Sangaré,Nottingham Forest,2 décembre 1997 (28 ans),0,0,0,0,0,
4,Jean-Mickaël Seri,NK Maribor,19 juillet 1991 (34 ans),0,0,0,0,0,
Attaquants,,,,,,,,,
10,Simon Adingra,Monaco,1er janvier 2002 (24 ans),0,0,0,0,0,
9,Ange-Yoan Bonny,Inter Milan,25 octobre 2003 (22 ans),0,0,0,0,0,
15,Amad Diallo,Manchester United,11 juillet 2002 (23 ans),0,0,0,0,0,
14,Oumar Diakité,Cercle Brugge,20 décembre 2003 (22 ans),0,0,0,0,0,
11,Yan Diomandé,RB Leipzig,1er février 2004 (22 ans),0,0,0,0,0,
22,Evann Guessand,Crystal Palace,1er juillet 2001 (24 ans),0,0,0,0,0,
19,Nicolas Pépé,Villarreal,29 mai 1995 (31 ans),0,0,0,0,0,
24,Bazoumana Touré,Hoffenheim,2 mars 2006 (20 ans),0,0,0,0,0,
12,Elye Wahi,OGC Nice,2 janvier 2003 (23 ans),0,0,0,0,0,
Sélectionneur,,,,,,,,,
,Emerse Faé,,24 janvier 1984 (42 ans),,,,,,
,,,,,,,,,
"* NB : Les âges sont calculés au début de la Coupe du monde 2026, le 11 juin 2026.",,,,,,,,,
,,,,,,,,,
,,,,,,,,,
Équateur,,,,,,,,,
,,,,,,,,,
Numéro / Nom,,Équipe actuelle,Date de naissance et âge*,J.,Buts,,,,
Gardiens de but,,,,,,,,,
,Hernán Galíndez,Huracán,30 mars 1987 (39 ans),0,0,0,0,0,
,Moisés Ramírez,AE Kifisia,17 mai 2000 (26 ans),0,0,0,0,0,
,Gonzalo Valle,Liga de Quito,28 février 1996 (30 ans),0,0,0,0,0,
Défenseurs,,,,,,,,,
,Pervis Estupiñán,AC Milan,21 janvier 1998 (28 ans),0,0,0,0,0,
,Piero Hincapié,Arsenal,9 janvier 2002 (24 ans),0,0,0,0,0,
,Willian Pacho,Paris SG,16 octobre 2001 (24 ans),0,0,0,0,0,
,Joel Ordóñez,Club Brugge,21 avril 2004 (22 ans),0,0,0,0,0,
,Félix Torres,Internacional,11 janvier 1997 (29 ans),0,0,0,0,0,
,Jackson Porozo,Tijuana,4 août 2000 (25 ans),0,0,0,0,0,
,Ángelo Preciado,Atlético Mineiro,18 février 1998 (28 ans),0,0,0,0,0,
Milieux de terrain,,,,,,,,,
,Moisés Caicedo,Chelsea FC,2 novembre 2001 (24 ans),0,0,0,0,0,
,Alan Franco,Atlético Mineiro,21 août 1998 (27 ans),0,0,0,0,0,
,Alan Minda,Atlético Mineiro,14 mai 2003 (23 ans),0,0,0,0,0,
,Pedro Vite,Pumas UNAM,9 mars 2002 (24 ans),0,0,0,0,0,
,Jeremy Arévalo,VfB Stuttgart,23 mai 2006 (20 ans),0,0,0,0,0,
,Kendry Páez,River Plate,4 mai 2007 (19 ans),0,0,0,0,0,
,Jordy Alcívar,Independiente del Valle,5 août 1999 (26 ans),0,0,0,0,0,
,Nilson Angulo,Sunderland,19 juin 2003 (22 ans),0,0,0,0,0,
,Anthony Valencia,Royal Antwerp,21 juillet 2003 (22 ans),0,0,0,0,0,
,John Yeboah,Venise,23 juin 2000 (25 ans),0,0,0,0,0,
,Denil Castillo,FC Midtjylland,24 mars 2004 (22 ans),0,0,0,0,0,
,Gonzalo Plata,Flamengo,1er novembre 2000 (25 ans),0,0,0,0,0,
Attaquants,,,,,,,,,
,Enner Valencia,Pachuca,4 novembre 1989 (36 ans),0,0,0,0,0,
,Kevin Rodríguez,Union SG,4 mars 2000 (26 ans),0,0,0,0,0,
,Jordy Caicedo,Huracán,18 novembre 1997 (28 ans),0,0,0,0,0,
,Yaimar Medina,KRC Genk,5 novembre 2004 (21 ans),0,0,0,0,0,
Sélectionneur,,,,,,,,,
,Sebastián Beccacece,,17 décembre 1980 (45 ans),,,,,,
,,,,,,,,,
"* NB : Les âges sont calculés au début de la Coupe du monde 2026, le 11 juin 2026.",,,,,,,,,
,,,,,,,,,
,,,,,,,,,
Groupe F,,,,,,,,,
Pays-Bas,,,,,,,,,
Numéro / Nom,,Équipe actuelle,Date de naissance et âge*,J.,Buts,,,,
Gardiens de but,,,,,,,,,
,Bart Verbruggen,Brighton,18 août 2002 (23 ans),0,0,0,0,0,
,Mark Flekken,Bayer Leverkusen,13 juin 1993 (32 ans),0,0,0,0,0,
,Robin Roefs,Sunderland,17 janvier 2003 (23 ans),0,0,0,0,0,
Défenseurs,,,,,,,,,
,Denzel Dumfries,Inter Milan,18 avril 1996 (30 ans),0,0,0,0,0,
,Jurriën Timber,Arsenal,17 juin 2001 (24 ans),0,0,0,0,0,
,Jan Paul van Hecke,Brighton,8 juin 2000 (26 ans),0,0,0,0,0,
,Virgil van Dijk,Liverpool,8 juillet 1991 (34 ans),0,0,0,0,0,
,Micky van de Ven,Tottenham,19 avril 2001 (25 ans),0,0,0,0,0,
,Nathan Aké,Manchester City,18 février 1995 (31 ans),0,0,0,0,0,
,Jorrel Hato,Chelsea,7 mars 2006 (20 ans),0,0,0,0,0,
Milieux de terrain,,,,,,,,,
,Mats Wieffer,Brighton,16 novembre 1999 (26 ans),0,0,0,0,0,
,Ryan Gravenberch,Liverpool,16 mai 2002 (24 ans),0,0,0,0,0,
,Quinten Timber,OM,17 juin 2001 (24 ans),0,0,0,0,0,
,Frenkie de Jong,Barcelone,12 mai 1997 (29 ans),0,0,0,0,0,
,Justin Kluivert,Bournemouth,5 mai 1999 (27 ans),0,0,0,0,0,
,Tijjani Reijnders,Manchester City,29 juillet 1998 (27 ans),0,0,0,0,0,
,Teun Koopmeiners,Juventus,28 février 1998 (28 ans),0,0,0,0,0,
,Guus Til,PSV Eindhoven,22 décembre 1997 (28 ans),0,0,0,0,0,
,Marten de Roon,Atalanta,29 mars 1991 (35 ans),0,0,0,0,0,
Attaquants,,,,,,,,,
,Donyell Malen,AS Rome,19 janvier 1999 (27 ans),0,0,0,0,0,
,Crysencio Summerville,West Ham,30 octobre 2001 (24 ans),0,0,0,0,0,
,Brian Brobbey,Sunderland,1er février 2002 (24 ans),0,0,0,0,0,
,Wout Weghorst,Ajax,7 août 1992 (33 ans),0,0,0,0,0,
,Memphis Depay,Corinthians,13 février 1994 (32 ans),0,0,0,0,0,
,Cody Gakpo,Liverpool,7 mai 1999 (27 ans),0,0,0,0,0,
,Noa Lang,Galatasaray SK,17 juin 1999 (26 ans),0,0,0,0,0,
Sélectionneur,,,,,,,,,
,Ronald Koeman,,21 mars 1963 (63 ans),,,,,,
,,,,,,,,,
"* NB : Les âges sont calculés au début de la Coupe du monde 2026, le 11 juin 2026.",,,,,,,,,
,,,,,,,,,
,,,,,,,,,
Japon,,,,,,,,,
Numéro / Nom,,Équipe actuelle,Date de naissance et âge*,J.,Buts,,,,
Gardiens de but,,,,,,,,,
1,Zion Suzuki,Parme Calcio,21 août 2002 (23 ans),0,0,0,0,0,
12,Keisuke Osako,Sanfrecce Hiroshima,28 juillet 1999 (26 ans),0,0,0,0,0,
23,Tomoki Hayakawa,Kashima Antlers,3 mars 1999 (27 ans),0,0,0,0,0,
Défenseurs,,,,,,,,,
2,Yukinari Sugawara,Werder Brême,28 juin 2000 (25 ans),0,0,0,0,0,
3,Shogo Taniguchi,Saint-Trond VV,15 juillet 1991 (34 ans),0,0,0,0,0,
4,Ko Itakura,Ajax Amsterdam,27 janvier 1997 (29 ans),0,0,0,0,0,
5,Yuto Nagatomo,FC Tokyo,12 septembre 1986 (39 ans),0,0,0,0,0,
16,Tsuyoshi Watanabe,Feyenoord Rotterdam,5 février 1997 (29 ans),0,0,0,0,0,
20,Ayumu Seko,Le Havre AC,7 juin 2000 (26 ans),0,0,0,0,0,
21,Hiroki Ito,Bayern Munich,12 mai 1999 (27 ans),0,0,0,0,0,
22,Takehiro Tomiyasu,Ajax Amsterdam,5 novembre 1998 (27 ans),0,0,0,0,0,
25,Junnosuke Suzuki,FC Copenhague,12 juillet 2003 (22 ans),0,0,0,0,0,
Milieux de terrain,,,,,,,,,
6,Wataru Endo,Liverpool FC,9 février 1993 (33 ans),0,0,0,0,0,
7,Ao Tanaka,Leeds United,10 septembre 1998 (27 ans),0,0,0,0,0,
15,Daichi Kamada,Crystal Palace,5 août 1996 (29 ans),0,0,0,0,0,
24,Kaishu Sano,FSV Mayence,30 décembre 2000 (25 ans),0,0,0,0,0,
Attaquants,,,,,,,,,
8,Takefusa Kubo,Real Sociedad,4 juin 2001 (25 ans),0,0,0,0,0,
9,Keisuke Goto,Saint-Trond VV,3 juin 2005 (21 ans),0,0,0,0,0,
10,Ritsu Doan,Eintracht Francfort,16 juin 1998 (27 ans),0,0,0,0,0,
11,Daizen Maeda,Celtic FC,20 octobre 1997 (28 ans),0,0,0,0,0,
13,Keito Nakamura,Stade de Reims,28 juillet 2000 (25 ans),0,0,0,0,0,
14,Junya Ito,KRC Genk,9 mars 1993 (33 ans),0,0,0,0,0,
17,Yuito Suzuki,SC Fribourg,27 août 2001 (24 ans),0,0,0,0,0,
18,Ayase Ueda,Feyenoord Rotterdam,28 août 1998 (27 ans),0,0,0,0,0,
19,Koki Ogawa,NEC Nimègue,8 août 1997 (28 ans),0,0,0,0,0,
26,Kento Shiogai,VfL Wolfsburg,26 mars 2005 (21 ans),0,0,0,0,0,
Sélectionneur,,,,,,,,,
,Hajime Moriyasu,,23 août 1968 (57 ans),,,,,,
,,,,,,,,,
"* NB : Les âges sont calculés au début de la Coupe du monde 2026, le 11 juin 2026.",,,,,,,,,
,,,,,,,,,
,,,,,,,,,
Suède,,,,,,,,,
Suède,,,,,,,,,
La sélection a été annoncée le 12 mai 2026[17].,,,,,,,,,
,,,,,,,,,
Numéro / Nom,,Club,Sél.,Date de naissance et âge*,J.,Buts,,,
Gardiens de but,,,,,,,,,
,Viktor Johansson,Stoke City FC,14,14/09/1998 (27 ans),0,0,0,0,0
,Kristoffer Nordfeldt,AIK Fotboll,18,23/06/1989 (36 ans),0,0,0,0,0
,Jacob Widell Zetterström,Derby County FC,5,11/07/1998 (27 ans),0,0,0,0,0
Défenseurs,,,,,,,,,
,Hjalmar Ekdal,Burnley FC,14,21/10/1998 (27 ans),0,0,0,0,0
,Gabriel Gudmundsson,Leeds United FC,18,29/04/1999 (27 ans),0,0,0,0,0
,Isak Hien,Atalanta BC,22,13/01/1999 (27 ans),0,0,0,0,0
,Emil Holm,Juventus Turin FC,15,13/05/2000 (26 ans),0,0,0,0,0
,Gustaf Lagerbielke,SC Braga,10,10/04/2000 (26 ans),0,0,0,0,0
,Victor Lindelöf,Aston Villa FC,75,17/07/1994 (31 ans),0,0,0,0,0
,Eric Smith,FC St. Pauli,10,08/01/1997 (29 ans),0,0,0,0,0
,Carl Starfelt,RC Celta de Vigo,33,01/06/1995 (31 ans),0,0,0,0,0
,Daniel Svensson,Borussia Dortmund,6,12/02/2002 (24 ans),0,0,0,0,0
Milieux de terrain,,,,,,,,,
,Yasin Ayari,Brighton & Hove Albion FC,16,06/10/2003 (22 ans),0,0,0,0,0
,Lucas Bergvall,Tottenham Hotspur FC,12,02/02/2006 (20 ans),0,0,0,0,0
,Elliot Stroud,Mjällby AIF,2,12/06/2002 (23 ans),0,0,0,0,0
,Jesper Karlström,Udinese Calcio,20,21/06/1995 (30 ans),0,0,0,0,0
,Besfort Zeneli,Royale Union Saint-Gilloise,4,21/02/2003 (23 ans),0,0,0,0,0
,Ken Sema,Páfos FC,31,30/09/1993 (32 ans),0,0,0,0,0
,Mattias Svanberg,VfL Wolfsburg,39,05/01/1999 (27 ans),0,0,0,0,0
Attaquants,,,,,,,,,
,Taha Ali,Malmö FF,3,16/06/1998 (27 ans),0,0,0,0,0
,Alexander Bernhardsson,Holstein Kiel,5,08/09/1998 (27 ans),0,0,0,0,0
,Anthony Elanga,Newcastle United FC,24,27/04/2002 (24 ans),0,0,0,0,0
,Viktor Gyökeres,Arsenal FC,32,04/06/1998 (28 ans),0,0,0,0,0
,Alexander Isak,Liverpool FC,56,21/09/1999 (26 ans),0,0,0,0,0
,Gustaf Nilsson,Club Bruges KV,11,23/05/1997 (29 ans),0,0,0,0,0
,Benjamin Nygren,Celtic FC,9,08/07/2001 (24 ans),0,0,0,0,0
Sélectionneur,,,,,,,,,
,Jon Dahl Tomasson,,,29/08/1976 (49 ans),,,,,
,,,,,,,,,
"* NB : Les âges sont calculés au début de la Coupe du monde 2026, le 11 juin 2026.",,,,,,,,,
,,,,,,,,,
Tunisie,,,,,,,,,
Numéro / Nom,,Équipe actuelle,Date de naissance et âge*,J.,Buts,,,,
Gardiens de but,,,,,,,,,
,Sabri Ben Hessen,Étoile du Sahel,13 juin 1996 (29 ans),0,0,0,0,0,
,Abdelmouhib Chamakh,Club africain,13 mai 2001 (25 ans),0,0,0,0,0,
,Aymen Dahmen,CS Sfaxien,28 janvier 1997 (29 ans),0,0,0,0,0,
Défenseurs,,,,,,,,,
,Ali Abdi,Nice,20 décembre 1993 (32 ans),0,0,0,0,0,
,Adem Arous,Kasımpaşa,13 juin 2004 (21 ans),0,0,0,0,0,
,Mohamed Amine Ben Hmida,Espérance de Tunis,15 décembre 1995 (30 ans),0,0,0,0,0,
,Dylan Bronn,Servette Genève,19 juin 1995 (30 ans),0,0,0,0,0,
,Raed Chikhaoui,US Monastir,13 mai 2002 (24 ans),0,0,0,0,0,
,Moutaz Neffati,Norrköping,4 septembre 2004 (21 ans),0,0,0,0,0,
,Omar Rekik,NK Maribor,20 décembre 2001 (24 ans),0,0,0,0,0,
,Montassar Talbi,Lorient,14 mai 1998 (28 ans),0,0,0,0,0,
,Yan Valery,Young Boys Berne,22 février 1999 (27 ans),0,0,0,0,0,
Milieux de terrain,,,,,,,,,
,Mortadha Ben Ouanes,Kasımpaşa,2 juillet 1994 (31 ans),0,0,0,0,0,
,Anis Ben Slimane,Norwich City,16 mars 2001 (25 ans),0,0,0,0,0,
,Ismael Gharbi,Augsburg,10 avril 2004 (22 ans),0,0,0,0,0,
,Rani Khedira,Union Berlin,27 janvier 1994 (32 ans),0,0,0,0,0,
,Hadj Mahmoud,Lugano,24 avril 2000 (26 ans),0,0,0,0,0,
,Hannibal Mejbri,Burnley,21 janvier 2003 (23 ans),0,0,0,0,0,
,Ellyes Skhiri,Eintracht Francfort,10 mai 1995 (31 ans),0,0,0,0,0,
Attaquants,,,,,,,,,
,Elias Achouri,FC Copenhague,10 février 1999 (27 ans),0,0,0,0,0,
,Khalil Ayari,PSG,3 septembre 2004 (21 ans),0,0,0,0,0,
,Firas Chaouat,Club africain,29 décembre 1996 (29 ans),0,0,0,0,0,
,Rayan Elloumi,Vancouver Whitecaps,30 septembre 2004 (21 ans),0,0,0,0,0,
,Hazem Mastouri,Dinamo Makhatchkala,29 mars 1997 (29 ans),0,0,0,0,0,
,Elias Saad,Hannover,27 décembre 1999 (26 ans),0,0,0,0,0,
,Sebastian Tounekti,Celtic,13 juillet 2002 (23 ans),0,0,0,0,0,
Sélectionneur,,,,,,,,,
,Sabri Lamouchi,,9 novembre 1971 (54 ans),,,,,,
,,,,,,,,,
"* NB : Les âges sont calculés au début de la Coupe du monde 2026, le 11 juin 2026.",,,,,,,,,
,,,,,,,,,
,,,,,,,,,
Groupe G,,,,,,,,,
Belgique,,,,,,,,,
Belgique,,,,,,,,,
,,,,,,,,,
Numéro / Nom,,Club,Sél.,Date de naissance et âge*,J.,Buts,,,
Gardiens de but,,,,,,,,,
,Thibaut Courtois,Real Madrid CF,108,11/05/1992 (34 ans),0,0,0,0,0
,Senne Lammens,Manchester United FC,2,07/07/2002 (23 ans),0,0,0,0,0
,Mike Penders,Racing Club de Strasbourg Alsace,1,31/07/2005 (20 ans),0,0,0,0,0
Défenseurs,,,,,,,,,
,Koni De Winter,AC Milan,12,12/06/2002 (23 ans),0,0,0,0,0
,Timothy Castagne,Fulham FC,63,05/12/1995 (30 ans),0,0,0,0,0
,Thomas Meunier,LOSC Lille,74,12/09/1991 (34 ans),0,0,0,0,0
,Zeno Debast,Sporting Portugal CP,24,24/10/2003 (22 ans),0,0,0,0,0
,Arthur Theate,Eintracht Francfort,31,25/05/2000 (26 ans),0,0,0,0,0
,Brandon Mechele,Club Bruges KV,9,28/01/1993 (33 ans),0,0,0,0,0
,Nathan Ngoy,LOSC Lille,3,03/06/2003 (23 ans),0,0,0,0,0
,Maxim De Cuyper,Brighton & Hove Albion FC,16,22/12/2000 (25 ans),0,0,0,0,0
,Joaquin Seys,Club Bruges KV,2,28/03/2005 (21 ans),0,0,0,0,0
Milieux de terrain,,,,,,,,,
,Kevin De Bruyne,SSC Napoli,111,28/06/1991 (34 ans),0,0,0,0,0
,Amadou Onana,Aston Villa FC,24,16/08/2001 (24 ans),0,0,0,0,0
,Hans Vanaken,Club Bruges KV,31,24/08/1992 (33 ans),0,0,0,0,0
,Youri Tielemans,Aston Villa FC,82,07/05/1997 (29 ans),0,0,0,0,0
,Nicolas Raskin,Glasgow Rangers FC,8,23/02/2001 (25 ans),0,0,0,0,0
,Alex Witsel,Girona FC,136,12/01/1989 (37 ans),0,0,0,0,0
Attaquants,,,,,,,,,
,Romelu Lukaku,SSC Napoli,124,13/05/1993 (33 ans),0,0,0,0,0
,Matias Fernández-Pardo,LOSC Lille,4,03/02/2005 (21 ans),0,0,0,0,0
,Dodi Lukébakio,SL Benfica Lisbonne,31,24/09/1997 (28 ans),0,0,0,0,0
,Charles De Ketelaere,Atalanta BC,26,10/03/2001 (25 ans),0,0,0,0,0
,Jérémy Doku,Manchester City FC,33,27/05/2002 (24 ans),0,0,0,0,0
,Leandro Trossard,Arsenal FC,47,04/12/1994 (31 ans),0,0,0,0,0
,Alexis Saelemaekers,AC Milan,18,27/06/1999 (26 ans),0,0,0,0,0
,Diego Moreira,RC Strasbourg Alsace,6,06/08/2004 (21 ans),0,0,0,0,0
Sélectionneur,,,,,,,,,
,Rudi Garcia,,,20/02/1964 (62 ans),,,,,
,,,,,,,,,
"* NB : Les âges sont calculés au début de la Coupe du monde 2026, le 11 juin 2026.",,,,,,,,,
,,,,,,,,,
Égypte,,,,,,,,,
Egypte,,,,,,,,,
,,,,,,,,,
Numéro / Nom,,Club,Sél.,Date de naissance et âge*,J.,Buts,,,
Gardiens de but,,,,,,,,,
,Mohamed El-Shenawy,Al Ahly SC,67,18/12/1988 (37 ans),0,0,0,0,0
,Mostafa Shobeir,Al Ahly SC,7,01/03/2000 (26 ans),0,0,0,0,0
,El-Mahdy Soliman,Zamalek SC,2,08/06/1987 (39 ans),0,0,0,0,0
,Mohamed Alaa,El Gouna FC,1,17/01/2001 (25 ans),0,0,0,0,0
Défenseurs,,,,,,,,,
,Mohamed Hany,Al Ahly SC,41,25/01/1996 (30 ans),0,0,0,0,0
,Tarek Alaa,ZED FC,4,05/05/2000 (26 ans),0,0,0,0,0
,Hamdi Fathi,Al Wakrah SC,43,29/09/1994 (31 ans),0,0,0,0,0
,Rami Rabia,Al Aïn FC,36,20/05/1993 (33 ans),0,0,0,0,0
,Yasser Ibrahim,Al Ahly SC,18,10/02/1993 (33 ans),0,0,0,0,0
,Hossam Abdelmaguid,Zamalek SC,12,27/07/2001 (24 ans),0,0,0,0,0
,Mohamed Abdelmonem,OGC Nice,39,01/02/1999 (27 ans),0,0,0,0,0
,Ahmed Fatouh,Zamalek SC,34,22/09/1998 (27 ans),0,0,0,0,0
,Karim Hafez,Pyramids FC,13,12/03/1996 (30 ans),0,0,0,0,0
Milieux de terrain,,,,,,,,,
,Marwan Attia,Al Ahly SC,24,12/08/1998 (27 ans),0,0,0,0,0
,Mohanad Lasheen,Pyramids FC,19,01/01/1996 (30 ans),0,0,0,0,0
,Nabil Emad Dunga,Al Najma SC,27,06/04/1993 (33 ans),0,0,0,0,0
,Mahmoud Saber,Gulf United FC,5,28/07/2001 (24 ans),0,0,0,0,0
,Ahmed Sayed Zizo,Al Ahly SC,52,10/01/1996 (30 ans),0,0,0,0,0
,Mahmoud Trezeguet,Al Ahly SC,83,01/10/1994 (31 ans),0,0,0,0,0
,Emam Ashour,Al Ahly SC,26,20/02/1998 (28 ans),0,0,0,0,0
,Mostafa Ziko,Pyramids FC,3,14/04/2000 (26 ans),0,0,0,0,0
,Ibrahim Adel,FC Nordsjælland,20,23/04/2001 (25 ans),0,0,0,0,0
,Haitham Hassan,Real Oviedo,8,01/02/2002 (24 ans),0,0,0,0,0
Attaquants,,,,,,,,,
,Mohamed Salah,Liverpool FC,109,15/06/1992 (33 ans),0,0,0,0,0
,Omar Marmoush,Manchester City FC,39,07/02/1999 (27 ans),0,0,0,0,0
,Aktay Abdullah,ENPPI SC,2,09/09/2005 (20 ans),0,0,0,0,0
,Hamza Abdelkarim,FC Barcelona Juvenil A,1,17/05/2007 (19 ans),0,0,0,0,0
Sélectionneur,,,,,,,,,
,Hossam Hassan,,,10/08/1966 (59 ans),,,,,
,,,,,,,,,
"* NB : Les âges sont calculés au début de la Coupe du monde 2026, le 11 juin 2026.",,,,,,,,,
,,,,,,,,,
,,,,,,,,,
Groupe H,,,,,,,,,
Espagne,,,,,,,,,
Article détaillé : Équipe d'Espagne de football à la Coupe du monde 2026.,,,,,,,,,
Numéro / Nom,,Club,Date de naissance et âge*,J.,Buts,,,,
Gardiens de but,,,,,,,,,
,Joan García,FC Barcelone,4 mai 2001 (25 ans),0,0,0,0,0,
,David Raya,Arsenal FC,15 septembre 1995 (30 ans),0,0,0,0,0,
,Unai Simón,Athletic Club,11 juin 1997 (29 ans),0,0,0,0,0,
Défenseurs,,,,,,,,,
,Pau Cubarsí,FC Barcelone,22 janvier 2007 (19 ans),0,0,0,0,0,
,Marc Cucurella,Chelsea FC,22 juillet 1998 (27 ans),0,0,0,0,0,
,Eric García,FC Barcelone,9 janvier 2001 (25 ans),0,0,0,0,0,
,Álex Grimaldo,Bayer Leverkusen,20 septembre 1995 (30 ans),0,0,0,0,0,
,Aymeric Laporte,Athletic Club,27 mai 1994 (32 ans),0,0,0,0,0,
,Marcos Llorente,Atlético de Madrid,30 janvier 1995 (31 ans),0,0,0,0,0,
,Pedro Porro,Tottenham Hotspur,13 septembre 1999 (26 ans),0,0,0,0,0,
,Marc Pubill,Atlético de Madrid,20 juin 2003 (22 ans),0,0,0,0,0,
Milieux de terrain,,,,,,,,,
,Álex Baena,Atlético de Madrid,20 juillet 2001 (24 ans),0,0,0,0,0,
,Gavi,FC Barcelone,5 août 2004 (21 ans),0,0,0,0,0,
,Mikel Merino,Arsenal FC,22 juin 1996 (29 ans),0,0,0,0,0,
,Pedri,FC Barcelone,25 novembre 2002 (23 ans),0,0,0,0,0,
,Rodri,Manchester City,22 juin 1996 (29 ans),0,0,0,0,0,
,Fabián Ruiz,Paris Saint-Germain,3 avril 1996 (30 ans),0,0,0,0,0,
,Martín Zubimendi,Arsenal FC,2 février 1999 (27 ans),0,0,0,0,0,
Attaquants,,,,,,,,,
,Borja Iglesias,Celta de Vigo,17 janvier 1993 (33 ans),0,0,0,0,0,
,Víctor Muñoz,CA Osasuna,13 juillet 2003 (22 ans),0,0,0,0,0,
,Dani Olmo,FC Barcelone,7 mai 1998 (28 ans),0,0,0,0,0,
,Mikel Oyarzabal,Real Sociedad,21 avril 1997 (29 ans),0,0,0,0,0,
,Ferran Torres,FC Barcelone,29 février 2000 (26 ans),0,0,0,0,0,
,Yéremi Pino,Crystal Palace,20 octobre 2002 (23 ans),0,0,0,0,0,
,Nico Williams,Athletic Club,12 juillet 2002 (23 ans),0,0,0,0,0,
,Lamine Yamal,FC Barcelone,13 juillet 2007 (18 ans),0,0,0,0,0,
Sélectionneur,,,,,,,,,
,Luis de la Fuente,,21 juin 1961 (64 ans),,,,,,
,,,,,,,,,
"* NB : Les âges sont calculés au début de la Coupe du monde 2026, le 11 juin 2026.",,,,,,,,,
,,,,,,,,,
Cap-Vert,,,,,,,,,
Article détaillé : Équipe du Cap-Vert de football à la Coupe du monde 2026.,,,,,,,,,
Numéro / Nom,,Équipe actuelle,Date de naissance et âge*,J.,Buts,,,,
Gardiens de but,,,,,,,,,
,"Josimar Dias ""Vozinha""",Chaves,3 juin 1986 (40 ans),0,0,0,0,0,
,Márcio Rosa,PFC Montana,23 février 1997 (29 ans),0,0,0,0,0,
,CJ dos Santos,San Diego,18 octobre 1992 (33 ans),0,0,0,0,0,
Défenseurs,,,,,,,,,
,Steven Moreira,Columbus Crew,13 août 1994 (31 ans),0,0,0,0,0,
,Wagner Pina,Trabzonspor,15 novembre 2002 (23 ans),0,0,0,0,0,
,João Paulo Fernandes,FCSB,26 mai 1998 (28 ans),0,0,0,0,0,
,Sidny Cabral,Benfica,18 septembre 2002 (23 ans),0,0,0,0,0,
,Logan Costa,Villarreal,1er avril 2001 (25 ans),0,0,0,0,0,
,"Roberto Lopes ""Pico""",Shamrock Rovers,17 juin 1992 (33 ans),0,0,0,0,0,
,Kelvin Pires,SJK,2 mars 2000 (26 ans),0,0,0,0,0,
,"Ianique Tavares ""Stopira""",Torreense,20 mai 1988 (38 ans),0,0,0,0,0,
,"Edilson Borges ""Diney""",Al Bataeh,17 janvier 1995 (31 ans),0,0,0,0,0,
Milieux de terrain,,,,,,,,,
,Jamiro Monteiro,PEC Zwolle,23 novembre 1993 (32 ans),0,0,0,0,0,
,Telmo Arcanjo,Vitória de Guimarães,21 juin 2001 (24 ans),0,0,0,0,0,
,Yannick Semedo,Farense,29 décembre 1995 (30 ans),0,0,0,0,0,
,Laros Duarte,Puskás Akadémia,28 février 1997 (29 ans),0,0,0,0,0,
,Deroy Duarte,Ludogorets Razgrad,4 juillet 1999 (26 ans),0,0,0,0,0,
,Kevin Pina,FK Krasnodar,27 janvier 1997 (29 ans),0,0,0,0,0,
Attaquants,,,,,,,,,
,Ryan Mendes,Kocaelispor,8 janvier 1990 (36 ans),0,0,0,0,0,
,Willy Semedo,Omonia,27 avril 1994 (32 ans),0,0,0,0,0,
,Garry Rodrigues,Apollon Limassol,27 novembre 1990 (35 ans),0,0,0,0,0,
,Jovane Cabral,Estrela Amadora,14 juin 1998 (27 ans),0,0,0,0,0,
,Nuno Da Costa,İstanbul Başakşehir,10 février 1991 (35 ans),0,0,0,0,0,
,Dailon Livramento,Casa Pia,4 mai 2001 (25 ans),0,0,0,0,0,
,Gilson Tavares,Akron Tolyatti,29 décembre 2001 (24 ans),0,0,0,0,0,
,Hélio Varela,Maccabi Tel-Aviv,15 février 2002 (24 ans),0,0,0,0,0,
Sélectionneur,,,,,,,,,
,Bubista,,6 janvier 1970 (56 ans),,,,,,
,,,,,,,,,
"* NB : Les âges sont calculés au début de la Coupe du monde 2026, le 11 juin 2026.",,,,,,,,,
,,,,,,,,,
,,,,,,,,,
,,,,,,,,,
Groupe I,,,,,,,,,
France,,,,,,,,,
Article détaillé : Équipe de France de football à la Coupe du monde 2026.,,,,,,,,,
,,,,,,,,,
La sélection finale est annoncée par le sélectionneur Didier Deschamps le 14 mai 2026 sur le plateau du JT de TF1[24].,,,,,,,,,
,,,,,,,,,
,,,,,,,,,
Numéro / Nom,,Équipe,Sél. (but),Date de naissance,J.,,,,
Gardiens de but,,,,,,,,,
1,Brice Samba,Stade rennais,4 (0),25 avril 1994 (32 ans),,,,,
16,Mike Maignan,AC Milan,38 (0),3 juillet 1995 (30 ans),,,,,
23,Robin Risser,RC Lens,0 (0),2 décembre 2004 (21 ans),,,,,
Défenseurs,,,,,,,,,
2,Malo Gusto,Chelsea FC,9 (0),19 mai 2003 (23 ans),,,,,
3,Lucas Digne,Aston Villa,56 (0),20 juillet 1993 (32 ans),,,,,
4,Dayot Upamecano,Bayern Munich,36 (2),27 octobre 1998 (27 ans),,,,,
5,Jules Koundé,FC Barcelone,46 (0),12 novembre 1998 (27 ans),,,,,
15,Ibrahima Konaté,Liverpool FC,27 (0),25 mai 1999 (27 ans),,,,,
17,William Saliba,Arsenal FC,31 (0),24 mars 2001 (25 ans),,,,,
19,Théo Hernandez,Al-Hilal FC,42 (2),6 octobre 1997 (28 ans),,,,,
21,Lucas Hernandez,Paris Saint-Germain,41 (0),14 février 1996 (30 ans),,,,,
26,Maxence Lacroix,Crystal Palace,2 (0),6 avril 2000 (26 ans),,,,,
Milieux de terrain,,,,,,,,,
6,Manu Koné,AS Rome,12 (0),17 mai 2001 (25 ans),,,,,
8,Aurélien Tchouaméni,Real Madrid,44 (3),27 janvier 2000 (26 ans),,,,,
13,N'Golo Kanté,Fenerbahçe SK,67 (2),29 mars 1991 (35 ans),,,,,
14,Adrien Rabiot,AC Milan,57 (7),3 avril 1995 (31 ans),,,,,
18,Warren Zaïre-Emery,Paris Saint-Germain,10 (1),8 mars 2006 (20 ans),,,,,
Attaquants,,,,,,,,,
7,Ousmane Dembélé,Paris Saint-Germain,58 (7),15 mai 1997 (29 ans),,,,,
9,Marcus Thuram,Inter Milan,33 (3),6 août 1997 (28 ans),,,,,
10,Kylian Mbappé,Real Madrid,96 (56),20 décembre 1998 (27 ans),,,,,
11,Michael Olise,Bayern Munich,15 (4),12 décembre 2001 (24 ans),,,,,
12,Bradley Barcola,Paris Saint-Germain,16 (3),2 septembre 2002 (23 ans),,,,,
20,Désiré Doué,Paris Saint-Germain,6 (2),3 juin 2005 (21 ans),,,,,
22,Jean-Philippe Mateta,Crystal Palace,3 (2),28 juin 1997 (28 ans),,,,,
24,Rayan Cherki,Manchester City,5 (1),17 août 2003 (22 ans),,,,,
25,Maghnes Akliouche,AS Monaco,7 (1),6 août 2002 (23 ans),,,,,
,,,,,,,,,
#ERROR!,,,,,,,,,
,,,,,,,,,
,,,,,,,,,
Sénégal,,,,,,,,,
Article détaillé : Équipe du Sénégal de football à la Coupe du monde 2026.,,,,,,,,,
Numéro / Nom,,Équipe actuelle,Date de naissance et âge*,J.,Buts,,,,
Gardiens de but,,,,,,,,,
,Édouard Mendy,Al Ahli,1er mars 1992 (34 ans),0,0,0,0,0,
,Mory Diaw,Le Havre,22 juin 1993 (32 ans),0,0,0,0,0,
,Yehvann Diouf,Nice,16 novembre 1999 (26 ans),0,0,0,0,0,
Défenseurs,,,,,,,,,
,Kalidou Koulibaly,Al-Hilal,20 juin 1991 (34 ans),0,0,0,0,0,
,Moussa Niakhaté,OL,8 mars 1996 (30 ans),0,0,0,0,0,
,Krépin Diatta,AS Monaco,25 février 1999 (27 ans),0,0,0,0,0,
,Antoine Mendy,Nice,27 mai 2004 (22 ans),0,0,0,0,0,
,Moustapha Mbow,Paris FC,8 mars 2000 (26 ans),0,0,0,0,0,
,Abdoulaye Seck,Maccabi Haïfa,10 mars 1992 (34 ans),0,0,0,0,0,
,Mamadou Sarr,Chelsea,29 août 2005 (20 ans),0,0,0,0,0,
,Ismail Jakobs,Galatasaray,17 août 1999 (26 ans),0,0,0,0,0,
,El Hadji Malick Diouf,West Ham,28 décembre 2004 (21 ans),0,0,0,0,0,
,Ilay Camara,Anderlecht,18 janvier 2003 (23 ans),0,0,0,0,0,
Milieux de terrain,,,,,,,,,
,Idrissa Gueye,Everton,26 septembre 1989 (36 ans),0,0,0,0,0,
,Pape Gueye,Villarreal,24 janvier 1999 (27 ans),0,0,0,0,0,
,Lamine Camara,AS Monaco,1er janvier 2004 (22 ans),0,0,0,0,0,
,Habib Diarra,Sunderland,3 janvier 2004 (22 ans),0,0,0,0,0,
,Pathé Ciss,Rayo Vallecano,16 mars 1994 (32 ans),0,0,0,0,0,
,Pape Matar Sarr,Tottenham,14 septembre 2002 (23 ans),0,0,0,0,0,
,Bara Sapoko Ndiaye,Bayern Munich,15 septembre 2005 (20 ans),0,0,0,0,0,
Attaquants,,,,,,,,,
,Iliman Ndiaye,Everton,6 mars 2000 (26 ans),0,0,0,0,0,
,Ismaïla Sarr,Crystal Palace,25 février 1998 (28 ans),0,0,0,0,0,
,Sadio Mané,Al Nassr,10 avril 1992 (34 ans),0,0,0,0,0,
,Nicolas Jackson,Bayern Munich,20 juin 2001 (24 ans),0,0,0,0,0,
,Ibrahim Mbaye,PSG,24 janvier 2008 (18 ans),0,0,0,0,0,
,Bamba Dieng,Lorient,23 mars 2000 (26 ans),0,0,0,0,0,
,Assane Diao,Côme,7 septembre 2005 (20 ans),0,0,0,0,0,
,Cherif Ndiaye,Samsunspor,23 janvier 1996 (30 ans),0,0,0,0,0,
Sélectionneur,,,,,,,,,
,Pape Thiaw,,5 février 1981 (45 ans),,,,,,
,,,,,,,,,
"* NB : Les âges sont calculés au début de la Coupe du monde 2026, le 11 juin 2026.",,,,,,,,,
,,,,,,,,,
Irak,,,,,,,,,
Article détaillé : Équipe d'Irak de football à la Coupe du monde 2026.,,,,,,,,,
Irak,,,,,,,,,
,,,,,,,,,
La sélection a été annoncée le 1er juin 2026[25].,,,,,,,,,
,,,,,,,,,
Numéro / Nom,,Club,Sél.,Date de naissance et âge*,J.,Buts,,,
Gardiens de but,,,,,,,,,
,Ahmed Basil,Al-Shorta SC,24,30/10/1996 (29 ans),0,0,0,0,0
,Jalal Hassan,Al-Zawra'a SC,89,18/10/1991 (34 ans),0,0,0,0,0
,Fahad Talib,Al-Talaba SC,8,21/03/1994 (32 ans),0,0,0,0,0
Défenseurs,,,,,,,,,
,Hussein Ali,Pogoń Szczecin,39,01/03/2001 (25 ans),0,0,0,0,0
,Merchas Doski,FC Viktoria Plzeň,31,07/12/1999 (26 ans),0,0,0,0,0
,Akam Hashem,Al-Zawra'a SC,12,15/02/2002 (24 ans),0,0,0,0,0
,Rebin Sulaka,Thai Port FC,44,12/04/1992 (34 ans),0,0,0,0,0
,Zaid Tahseen,Pakhtakor Tachkent,17,13/01/2001 (25 ans),0,0,0,0,0
,Ahmed Yahya,Al-Shorta SC,11,14/03/2001 (25 ans),0,0,0,0,0
,Manaf Younis,Al-Shorta SC,14,01/01/2001 (25 ans),0,0,0,0,0
Milieux de terrain,,,,,,,,,
,Youssef Amyn,AEK Larnaca FC,20,21/08/2003 (22 ans),0,0,0,0,0
,Amir Al-Ammari,Wisla Cracovie,33,27/07/1997 (28 ans),0,0,0,0,0
,Ibrahim Bayesh,Al-Dhafra FC,56,01/05/2000 (26 ans),0,0,0,0,0
,Marko Farji,Venezia FC,5,02/06/2004 (22 ans),0,0,0,0,0
,Zidane Iqbal,FC Utrecht,22,27/04/2003 (23 ans),0,0,0,0,0
,Zaid Ismail,Al-Talaba SC,7,08/09/2003 (22 ans),0,0,0,0,0
,Ali Jasim,Al-Najma SC,26,20/01/2004 (22 ans),0,0,0,0,0
,Frans Putros,Persib Bandung,19,14/07/1993 (32 ans),0,0,0,0,0
,Ahmed Qasem,Nashville SC,16,12/07/2003 (22 ans),0,0,0,0,0
,Mustafa Saadoon,Al-Shorta SC,28,11/06/1998 (28 ans),0,0,0,0,0
,Aimar Sher,Sarpsborg 08 FF,9,20/12/2002 (23 ans),0,0,0,0,0
,Kevin Yakob,AGF Aarhus,10,31/08/2000 (25 ans),0,0,0,0,0
Attaquants,,,,,,,,,
,Mohanad Ali,Dibba Al-Hisn SC,52,20/06/2000 (25 ans),0,0,0,0,0
,Ali Al-Hamadi,Ipswich Town FC,18,01/03/2002 (24 ans),0,0,0,0,0
,Aymen Hussein,Al-Karma SC,89,22/03/1996 (30 ans),0,0,0,0,0
,Ali Yousef,Al-Talaba SC,6,10/09/2001 (24 ans),0,0,0,0,0
Sélectionneur,,,,,,,,,
,Graham Arnold,,,03/08/1963 (62 ans),,,,,
,,,,,,,,,
"* NB : Les âges sont calculés au début de la Coupe du monde 2026, le 11 juin 2026.",,,,,,,,,
,,,,,,,,,
Norvège,,,,,,,,,
Numéro / Nom,,Équipe actuelle,Date de naissance et âge*,J.,Buts,,,,
Gardiens de but,,,,,,,,,
,Ørjan Håskjold Nyland,FC Séville,10 septembre 1990 (35 ans),0,0,0,0,0,
,Egil Selvik,Watford,30 juillet 1997 (28 ans),0,0,0,0,0,
,Sander Tangvik,Hambourg SV,29 novembre 2002 (23 ans),0,0,0,0,0,
Défenseurs,,,,,,,,,
,Kristoffer Vassbakk Ajer,Brentford,17 avril 1998 (28 ans),0,0,0,0,0,
,Fredrik André Bjørkan,FK Bodø/Glimt,21 août 1998 (27 ans),0,0,0,0,0,
,Henrik Falchener,Viking,11 février 2003 (23 ans),0,0,0,0,0,
,Sondre Langås,Derby County,2 février 2001 (25 ans),0,0,0,0,0,
,Torbjørn Heggem,Bologne FC,12 janvier 1999 (27 ans),0,0,0,0,0,
,Marcus Holmgren Pedersen,Torino,16 juillet 2000 (25 ans),0,0,0,0,0,
,Julian Ryerson,Borussia Dortmund,17 novembre 1997 (28 ans),0,0,0,0,0,
,David Møller Wolfe,Wolverhampton,23 avril 2002 (24 ans),0,0,0,0,0,
,Leo Østigård,Genoa,28 novembre 1999 (26 ans),0,0,0,0,0,
Milieux de terrain,,,,,,,,,
,Thelo Aasgaard,Glasgow Rangers,2 mai 2002 (24 ans),0,0,0,0,0,
,Fredrik Aursnes,Benfica,10 décembre 1995 (30 ans),0,0,0,0,0,
,Patrick Berg,FK Bodø/Glimt,24 novembre 1997 (28 ans),0,0,0,0,0,
,Sander Berge,Hambourg SV,14 février 1998 (28 ans),0,0,0,0,0,
,Oscar Bobb,Fulham,12 juillet 2003 (22 ans),0,0,0,0,0,
,Jens Petter Hauge,FK Bodø/Glimt,12 octobre 1999 (26 ans),0,0,0,0,0,
,Antonio Nusa,RB Leipzig,17 avril 2005 (21 ans),0,0,0,0,0,
,Andreas Schjelderup,Benfica,1er juin 2004 (22 ans),0,0,0,0,0,
,Morten Thorsby,Cremonese,5 mai 1996 (30 ans),0,0,0,0,0,
,Kristian Thorstvedt,Sassuolo,13 mars 1999 (27 ans),0,0,0,0,0,
,Martin Ødegaard,Arsenal,17 décembre 1998 (27 ans),0,0,0,0,0,
Attaquants,,,,,,,,,
,Erling Haaland,Manchester City,21 juillet 2000 (25 ans),0,0,0,0,0,
,Jørgen Strand Larsen,Crystal Palace,6 février 2000 (26 ans),0,0,0,0,0,
,Alexander Sørloth,Atlético de Madrid,5 décembre 1995 (30 ans),0,0,0,0,0,
Sélectionneur,,,,,,,,,
,Ståle Solbakken,,27 février 1968 (58 ans),,,,,,
,,,,,,,,,
"* NB : Les âges sont calculés au début de la Coupe du monde 2026, le 11 juin 2026.",,,,,,,,,
,,,,,,,,,
,,,,,,,,,
Groupe J,,,,,,,,,
Argentine,,,,,,,,,
Article détaillé : Équipe d'Argentine de football à la Coupe du monde 2026.,,,,,,,,,
Numéro / Nom,,Équipe actuelle,Date de naissance et âge*,J.,Buts,,,,
Gardiens de but,,,,,,,,,
1,Juan Musso,Atlético Madrid,13 mai 1994 (32 ans),0,0,0,0,0,
12,Gerónimo Rulli,Olympique de Marseille,20 mai 1992 (34 ans),0,0,0,0,0,
23,Emiliano Martínez,Aston Villa,2 septembre 1992 (33 ans),0,0,0,0,0,
Défenseurs,,,,,,,,,
2,Leonardo Balerdi,Olympique de Marseille,26 janvier 1999 (27 ans),0,0,0,0,0,
3,Nicolás Tagliafico,Olympique lyonnais,31 août 1992 (33 ans),0,0,0,0,0,
4,Gonzalo Montiel,River Plate,1er janvier 1997 (29 ans),0,0,0,0,0,
6,Lisandro Martínez,Manchester United,18 janvier 1998 (28 ans),0,0,0,0,0,
13,Cristian Romero,Tottenham Hotspur,27 avril 1998 (28 ans),0,0,0,0,0,
19,Nicolás Otamendi,SL Benfica,12 février 1988 (38 ans),0,0,0,0,0,
25,Facundo Medina,Olympique de Marseille,28 mai 1999 (27 ans),0,0,0,0,0,
26,Nahuel Molina,Atlético Madrid,6 avril 1998 (28 ans),0,0,0,0,0,
Milieux de terrain,,,,,,,,,
5,Leandro Paredes,Boca Juniors,29 juin 1994 (31 ans),0,0,0,0,0,
7,Rodrigo De Paul,Inter Miami,24 mai 1994 (32 ans),0,0,0,0,0,
8,Valentín Barco,RC Strasbourg,23 juillet 2004 (21 ans),0,0,0,0,0,
11,Giovani Lo Celso,Real Betis,9 avril 1996 (30 ans),0,0,0,0,0,
14,Exequiel Palacios,Bayer Leverkusen,5 octobre 1998 (27 ans),0,0,0,0,0,
20,Alexis Mac Allister,Liverpool FC,24 décembre 1998 (27 ans),0,0,0,0,0,
24,Enzo Fernández,Chelsea FC,17 janvier 2001 (25 ans),0,0,0,0,0,
Attaquants,,,,,,,,,
9,Julián Álvarez,Atlético Madrid,31 janvier 2000 (26 ans),0,0,0,0,0,
10,Lionel Messi,Inter Miami,24 juin 1987 (38 ans),0,0,0,0,0,
15,Nicolás González,Atlético Madrid,6 avril 1998 (28 ans),0,0,0,0,0,
16,Thiago Almada,Atlético Madrid,26 avril 2001 (25 ans),0,0,0,0,0,
17,Giuliano Simeone,Atlético Madrid,18 décembre 2002 (23 ans),0,0,0,0,0,
18,Nico Paz,Côme 1907,8 septembre 2004 (21 ans),0,0,0,0,0,
21,José Manuel López,SE Palmeiras,6 décembre 2000 (25 ans),0,0,0,0,0,
22,Lautaro Martínez,Inter Milan,22 août 1997 (28 ans),0,0,0,0,0,
Sélectionneur,,,,,,,,,
,Lionel Scaloni,,16 mai 1978 (48 ans),,,,,,
,,,,,,,,,
"* NB : Les âges sont calculés au début de la Coupe du monde 2026, le 11 juin 2026.",,,,,,,,,
,,,,,,,,,
,,,,,,,,,
Algérie,,,,,,,,,
Numéro / Nom,,Équipe actuelle,Date de naissance et âge*,J.,Buts,,,,
Gardiens de but,,,,,,,,,
1,Melvin Mastil,Stade Nyonnais,19 février 2000 (26 ans),0,0,0,0,0,
16,Oussama Benbot,USM Alger,11 octobre 1994 (31 ans),0,0,0,0,0,
23,Luca Zidane,Grenade CF,13 mai 1998 (28 ans),0,0,0,0,0,
Défenseurs,,,,,,,,,
2,Aïssa Mandi,LOSC Lille,22 octobre 1991 (34 ans),0,0,0,0,0,
3,Achref Abada,USM Alger,15 juin 1999 (26 ans),0,0,0,0,0,
4,Mohamed Tougaï,ES Tunis,22 janvier 2000 (26 ans),0,0,0,0,0,
5,Zineddine Belaïd,JS Kabylie,20 mars 1999 (27 ans),0,0,0,0,0,
13,Jaouen Hadjam,BSC Young Boys,26 mars 2003 (23 ans),0,0,0,0,0,
15,Rayan Aït-Nouri,Manchester City,6 juin 2001 (25 ans),0,0,0,0,0,
17,Rafik Belghali,Hellas Vérone,7 juin 2002 (24 ans),0,0,0,0,0,
21,Ramy Bensebaïni,Borussia Dortmund,16 avril 1995 (31 ans),0,0,0,0,0,
26,Samir Chergui,Paris FC,6 février 1999 (27 ans),0,0,0,0,0,
Milieux de terrain,,,,,,,,,
6,Ramiz Zerrouki,FC Twente,26 mai 1998 (28 ans),0,0,0,0,0,
8,Houssem Aouar,Ittihad Club,30 juin 1998 (27 ans),0,0,0,0,0,
10,Farès Chaïbi,Eintracht Francfort,28 novembre 2002 (23 ans),0,0,0,0,0,
14,Hicham Boudaoui,OGC Nice,23 septembre 1999 (26 ans),0,0,0,0,0,
19,Nabil Bentaleb,LOSC Lille,24 novembre 1994 (31 ans),0,0,0,0,0,
22,Ibrahim Maza,Bayer Leverkusen,24 novembre 2005 (20 ans),0,0,0,0,0,
24,Yacine Titraoui,Charleroi SC,26 juillet 2003 (22 ans),0,0,0,0,0,
Attaquants,,,,,,,,,
7,Riyad Mahrez,Al-Ahli FC,21 février 1991 (35 ans),0,0,0,0,0,
9,Amine Gouiri,Olympique de Marseille,16 février 2000 (26 ans),0,0,0,0,0,
11,Anis Hadj Moussa,Feyenoord Rotterdam,11 février 2002 (24 ans),0,0,0,0,0,
12,Nadhir Benbouali,Győri ETO FC,17 avril 2000 (26 ans),0,0,0,0,0,
18,Mohammed Amoura,VfL Wolfsburg,9 mai 2000 (26 ans),0,0,0,0,0,
20,Adil Boulbina,Al-Duhail SC,2 mai 2003 (23 ans),0,0,0,0,0,
25,Farès Ghedjemis,Frosinone Calcio,6 septembre 2002 (23 ans),0,0,0,0,0,
Sélectionneur,,,,,,,,,
,Vladimir Petković,,15 août 1963 (62 ans),,,,,,
,,,,,,,,,
"* NB : Les âges sont calculés au début de la Coupe du monde 2026, le 11 juin 2026.",,,,,,,,,
,,,,,,,,,
Autriche,,,,,,,,,
Numéro / Nom,,Équipe actuelle,Date de naissance et âge*,J.,Buts,,,,
Gardiens de but,,,,,,,,,
1,Alexander Schlager,RB Salzbourg,1er février 1996 (30 ans),0,0,0,0,0,
12,Florian Wiegele,Viktoria Plzeň,13 mars 2001 (25 ans),0,0,0,0,0,
13,Patrick Pentz,Brøndby IF,2 janvier 1997 (29 ans),0,0,0,0,0,
Défenseurs,,,,,,,,,
2,David Affengruber,Elche CF,4 mars 2001 (25 ans),0,0,0,0,0,
3,Kevin Danso,Tottenham Hotspur,19 septembre 1998 (27 ans),0,0,0,0,0,
5,Stefan Posch,FSV Mayence,14 mai 1997 (29 ans),0,0,0,0,0,
8,David Alaba,Real Madrid,24 juin 1992 (23 ans),0,0,0,0,0,
15,Philipp Lienhart,SC Fribourg,11 juillet 1996 (29 ans),0,0,0,0,0,
16,Phillipp Mwene,FSV Mayence,29 janvier 1994 (32 ans),0,0,0,0,0,
22,Alexander Prass,TSG Hoffenheim,26 mai 2001 (25 ans),0,0,0,0,0,
23,Marco Friedl,Werder Brême,16 mars 1998 (28 ans),0,0,0,0,0,
25,Michael Svoboda,Venise FC,15 octobre 1998 (27 ans),0,0,0,0,0,
Milieux de terrain,,,,,,,,,
4,Xaver Schlager,RB Leipzig,28 septembre 1997 (28 ans),0,0,0,0,0,
6,Nicolas Seiwald,RB Leipzig,4 mai 2001 (25 ans),0,0,0,0,0,
9,Marcel Sabitzer,Borussia Dortmund,17 mars 1994 (32 ans),0,0,0,0,0,
10,Florian Grillitsch,SC Braga,7 août 1995 (30 ans),0,0,0,0,0,
17,Carney Chukwuemeka,Borussia Dortmund,20 octobre 2003 (22 ans),0,0,0,0,0,
18,Romano Schmid,Werder Brême,27 janvier 2000 (26 ans),0,0,0,0,0,
19,Christoph Baumgartner,RB Leipzig,1er août 1999 (26 ans),0,0,0,0,0,
20,Konrad Laimer,Bayern Munich,27 mai 1997 (29 ans),0,0,0,0,0,
21,Patrick Wimmer,VfL Wolfsburg,30 mai 2001 (25 ans),0,0,0,0,0,
24,Paul Wanner,PSV Eindhoven,23 décembre 2005 (20 ans),0,0,0,0,0,
26,Alessandro Schöpf,Wolfsberger AC,7 février 1994 (32 ans),0,0,0,0,0,
Attaquants,,,,,,,,,
7,Marko Arnautović,Étoile rouge de Belgrade,19 avril 189 (37 ans),0,0,0,0,0,
11,Michael Gregoritsch,FC Augsbourg,18 avril 1994 (32 ans),0,0,0,0,0,
14,Sasa Kalajdzic,LASK,7 juillet 1997 (28 ans),0,0,0,0,0,
Sélectionneur,,,,,,,,,
,Ralf Rangnick,,29 juin 1958 (67 ans),,,,,,
,,,,,,,,,
"* NB : Les âges sont calculés au début de la Coupe du monde 2026, le 11 juin 2026.",,,,,,,,,
,,,,,,,,,
,,,,,,,,,
,,,,,,,,,
Groupe K,,,,,,,,,
Portugal,,,,,,,,,
Portugal,,,,,,,,,
Article détaillé : Équipe du Portugal de football à la Coupe du monde 2026.,,,,,,,,,
Numéro / Nom,,Club,Date de naissance et âge*,J.,Buts,,,,
Gardiens de but,,,,,,,,,
1,Diogo Costa,FC Porto,19 septembre 1999 (26 ans),0,0,0,0,0,
12,José Sá,Wolverhampton Wanderers,15 janvier 1993 (33 ans),0,0,0,0,0,
22,Rui Silva,Sporting CP,7 février 1994 (32 ans),0,0,0,0,0,
,Ricardo Velho,Gençlerbirliği SK,20 août 1998 (27 ans),0,0,0,0,0,
Défenseurs,,,,,,,,,
2,Nélson Semedo,Fenerbahçe SK,16 novembre 1993 (32 ans),0,0,0,0,0,
3,Rúben Dias,Manchester City,14 mai 1997 (29 ans),0,0,0,0,0,
4,Tomás Araújo,SL Benfica,16 mai 2002 (24 ans),0,0,0,0,0,
5,Diogo Dalot,Manchester United,18 mars 1999 (27 ans),0,0,0,0,0,
6,Matheus Nunes,Manchester City,27 août 1998 (27 ans),0,0,0,0,0,
13,Renato Veiga,Villarreal CF,29 juillet 2003 (22 ans),0,0,0,0,0,
14,Gonçalo Inácio,Sporting CP,25 août 2001 (24 ans),0,0,0,0,0,
20,João Cancelo,FC Barcelone,27 avril 1994 (32 ans),0,0,0,0,0,
25,Nuno Mendes,Paris Saint-Germain,19 juin 2002 (23 ans),0,0,0,0,0,
Milieux de terrain,,,,,,,,,
8,Bruno Fernandes,Manchester United,8 septembre 1994 (31 ans),0,0,0,0,0,
10,Bernardo Silva,Manchester City,10 août 1994 (31 ans),0,0,0,0,0,
15,João Neves,Paris Saint-Germain,27 septembre 2004 (21 ans),0,0,0,0,0,
21,Rúben Neves,Al-Hilal,13 mars 1997 (29 ans),0,0,0,0,0,
23,Vitinha,Paris Saint-Germain,13 février 2000 (26 ans),0,0,0,0,0,
24,Samuel Costa,RCD Majorque,27 novembre 2000 (25 ans),0,0,0,0,0,
Attaquants,,,,,,,,,
7,Cristiano Ronaldo,Al-Nassr,5 février 1985 (41 ans),0,0,0,0,0,
9,Gonçalo Ramos,Paris Saint-Germain,20 juin 2001 (24 ans),0,0,0,0,0,
11,João Félix,Al-Nassr,10 novembre 1999 (26 ans),0,0,0,0,0,
16,Francisco Trincão,Sporting CP,29 décembre 1999 (26 ans),0,0,0,0,0,
17,Rafael Leão,AC Milan,10 juin 1999 (27 ans),0,0,0,0,0,
18,Pedro Neto,Chelsea FC,9 mars 2000 (26 ans),0,0,0,0,0,
19,Gonçalo Guedes,Real Sociedad,29 novembre 1996 (29 ans),0,0,0,0,0,
26,Francisco Conceição,Juventus FC,14 décembre 2002 (23 ans),0,0,0,0,0,
Sélectionneur,,,,,,,,,
,Roberto Martínez,,13 juillet 1973 (52 ans),,,,,,
,,,,,,,,,
"* NB : Les âges sont calculés au début de la Coupe du monde 2026, le 11 juin 2026.",,,,,,,,,
,,,,,,,,,
,,,,,,,,,
Colombie,,,,,,,,,
Article détaillé : Équipe de Colombie de football à la Coupe du monde 2026.,,,,,,,,,
Numéro / Nom,,Équipe actuelle,Date de naissance et âge*,J.,Buts,,,,
Gardiens de but,,,,,,,,,
,Camilo Vargas,Atlas FC,9 mars 1989 (37 ans),0,0,0,0,0,
,Álvaro Montero,Millonarios,29 mars 1995 (31 ans),0,0,0,0,0,
,David Ospina,Atlético Nacional,31 août 1988 (37 ans),0,0,0,0,0,
Défenseurs,,,,,,,,,
,Daniel Muñoz,Crystal Palace,26 mai 1996 (30 ans),0,0,0,0,0,
,Davinson Sánchez,Galatasaray,12 juin 1996 (29 ans),0,0,0,0,0,
,Jhon Lucumí,Bologne FC,26 juin 1998 (27 ans),0,0,0,0,0,
,Johan Mojica,RCD Mallorca,21 août 1992 (33 ans),0,0,0,0,0,
,Willer Ditta,Cruz Azul,23 janvier 1998 (28 ans),0,0,0,0,0,
,Santiago Arias,EC Bahia,13 janvier 1992 (34 ans),0,0,0,0,0,
,Deiver Machado,RC Lens,2 septembre 1993 (32 ans),0,0,0,0,0,
,Yerry Mina,Cruzeiro,23 septembre 1994 (31 ans),0,0,0,0,0,
Milieux de terrain,,,,,,,,,
,Jefferson Lerma,Crystal Palace,25 octobre 1994 (31 ans),0,0,0,0,0,
,Jhon Arias,Fluminense,21 septembre 1997 (28 ans),0,0,0,0,0,
,Jorge Carrascal,Dynamo Moscou,25 mai 1998 (28 ans),0,0,0,0,0,
,Juan Camilo Portilla,Talleres,12 septembre 1998 (27 ans),0,0,0,0,0,
,Richard Ríos,Palmeiras,2 juin 2000 (26 ans),0,0,0,0,0,
,Juan Fernando Quintero,Racing Club,18 janvier 1993 (33 ans),0,0,0,0,0,
,Gustavo Puerta,Hull City,23 juillet 2003 (22 ans),0,0,0,0,0,
,Kevin Castaño,FK Krasnodar,29 septembre 2000 (25 ans),0,0,0,0,0,
,James Rodríguez,Rayo Vallecano,12 juillet 1991 (34 ans),0,0,0,0,0,
,Jaminton Campaz,Rosario Central,24 mai 2000 (26 ans),0,0,0,0,0,
Attaquants,,,,,,,,,
,Luis Díaz,Liverpool FC,13 janvier 1997 (29 ans),0,0,0,0,0,
,Jhon Córdoba,FK Krasnodar,11 mai 1993 (33 ans),0,0,0,0,0,
,Luis Suárez,Almería,2 décembre 1997 (28 ans),0,0,0,0,0,
,Juan Camilo Hernández,Real Betis,20 avril 1999 (27 ans),0,0,0,0,0,
,Carlos Andrés Gómez,Vasco da Gama,12 septembre 2002 (23 ans),0,0,0,0,0,
Sélectionneur,,,,,,,,,
,Néstor Lorenzo,,28 février 1966 (60 ans),,,,,,
,,,,,,,,,
"* NB : Les âges sont calculés au début de la Coupe du monde 2026, le 11 juin 2026.",,,,,,,,,
,,,,,,,,,
,,,,,,,,,
Groupe L,,,,,,,,,
Angleterre,,,,,,,,,
Article détaillé : Équipe d'Angleterre de football à la Coupe du monde 2026.,,,,,,,,,
Numéro / Nom,,Club,Date de naissance et âge*,J.,Buts,,,,
Gardiens de but,,,,,,,,,
,Jordan Pickford,Everton FC,7 mars 1994 (32 ans),0,0,0,0,0,
,Dean Henderson,Crystal Palace,12 mars 1997 (29 ans),0,0,0,0,0,
,James Trafford,Manchester City,10 octobre 2002 (23 ans),0,0,0,0,0,
Défenseurs,,,,,,,,,
,Marc Guéhi,Manchester City,13 juillet 2000 (25 ans),0,0,0,0,0,
,Ezri Konsa,Aston Villa,23 octobre 1997 (28 ans),0,0,0,0,0,
,Reece James,Chelsea FC,8 décembre 1999 (26 ans),0,0,0,0,0,
,Nico O'Reilly,Manchester City,21 mars 2005 (21 ans),0,0,0,0,0,
,Tino Livramento,Newcastle United,12 novembre 2002 (23 ans),0,0,0,0,0,
,John Stones,Manchester City,28 mai 1994 (32 ans),0,0,0,0,0,
,Dan Burn,Newcastle United,9 mai 1992 (34 ans),0,0,0,0,0,
,Djed Spence,Tottenham Hotspur,9 août 2000 (25 ans),0,0,0,0,0,
,Jarell Quansah,Bayer Leverkusen,29 janvier 2003 (23 ans),0,0,0,0,0,
Milieux de terrain,,,,,,,,,
,Declan Rice,Arsenal FC,14 janvier 1999 (27 ans),0,0,0,0,0,
,Elliot Anderson,Nottingham Forest,6 novembre 2002 (23 ans),0,0,0,0,0,
,Jude Bellingham,Real Madrid,29 juin 2003 (22 ans),0,0,0,0,0,
,Morgan Rogers,Aston Villa,26 juillet 2002 (23 ans),0,0,0,0,0,
,Kobbie Mainoo,Manchester United,19 avril 2005 (21 ans),0,0,0,0,0,
,Jordan Henderson,Brentford FC,17 juin 1990 (35 ans),0,0,0,0,0,
,Eberechi Eze,Arsenal FC,29 juin 1998 (27 ans),0,0,0,0,0,
Attaquants,,,,,,,,,
,Harry Kane,Bayern Munich,28 juillet 1993 (32 ans),0,0,0,0,0,
,Bukayo Saka,Arsenal FC,5 septembre 2001 (24 ans),0,0,0,0,0,
,Noni Madueke,Arsenal FC,10 mars 2002 (24 ans),0,0,0,0,0,
,Anthony Gordon,Newcastle United,24 février 2001 (25 ans),0,0,0,0,0,
,Ollie Watkins,Aston Villa,30 décembre 1995 (30 ans),0,0,0,0,0,
,Ivan Toney,Al Ahli,16 mars 1996 (30 ans),0,0,0,0,0,
,Marcus Rashford,FC Barcelone,31 octobre 1997 (28 ans),0,0,0,0,0,
Sélectionneur,,,,,,,,,
,Thomas Tuchel,,,,,,,,