groupe,equipe,poste,joueur,club,retenu
A,Afrique du Sud,Gardien,Sipho Chaine,Orlando Pirates,oui
A,Afrique du Sud,Gardien,Ricardo Goss,Siwelele FC,oui
A,Afrique du Sud,Gardien,Ronwen Williams,Mamelodi Sundowns,oui
A,Afrique du Sud,Défenseur,Bradley Cross,Kaizer Chiefs,oui
A,Afrique du Sud,Défenseur,Samukele Kabini,Molde,oui
A,Afrique du Sud,Défenseur,Olwethu Makhanya,Philadelphia Union,oui
A,Afrique du Sud,Défenseur,Thabang Matuludi,Polokwane City,oui
A,Afrique du Sud,Défenseur,Mbekezeli Mbokazi,Chicago Fire,oui
A,Afrique du Sud,Défenseur,Aubrey Modiba,Mamelodi Sundowns,oui
A,Afrique du Sud,Défenseur,Khuliso Mudau,Mamelodi Sundowns,oui
A,Afrique du Sud,Défenseur,Khulumani Ndamane,Mamelodi Sundowns,oui
A,Afrique du Sud,Défenseur,Ime Okon,Hanovre 96,oui
A,Afrique du Sud,Défenseur,Kamogelo Sebelebele,Orlando Pirates,oui
A,Afrique du Sud,Défenseur,Nkosinathi Sibisi,Orlando Pirates,oui
A,Afrique du Sud,Milieu,Jayden Adams,Mamelodi Sundowns,oui
A,Afrique du Sud,Milieu,Thalente Mbatha,Orlando Pirates,oui
A,Afrique du Sud,Milieu,Teboho Mokoena,Mamelodi Sundowns,oui
A,Afrique du Sud,Milieu,Sphephelo Sithole,Tondela,oui
A,Afrique du Sud,Attaquant,Oswin Appollis,Orlando Pirates,oui
A,Afrique du Sud,Attaquant,Lyle Foster,Burnley,oui
A,Afrique du Sud,Attaquant,Evidence Makgopa,Orlando Pirates,oui
A,Afrique du Sud,Attaquant,Thapelo Maseko,AEL Limassol,oui
A,Afrique du Sud,Attaquant,Relebohile Mofokeng,Orlando Pirates,oui
A,Afrique du Sud,Attaquant,Tshepang Moremi,Orlando Pirates,oui
A,Afrique du Sud,Attaquant,Iqraam Rayners,Mamelodi Sundowns,oui
A,Afrique du Sud,Attaquant,Themba Zwane,Mamelodi Sundowns,oui
A,Corée du Sud,Gardien,Hyeon-woo Jo,Ulsan,oui
A,Corée du Sud,Gardien,Kim Seung-gyu,FC Tokyo,oui
A,Corée du Sud,Gardien,Bum-keun Song,Jeonbuk,oui
A,Corée du Sud,Défenseur,Jens Castrop,Borussia Mönchengladbach,oui
A,Corée du Sud,Défenseur,Yu-min Cho,Al-Sharjah,oui
A,Corée du Sud,Défenseur,Han-beom Lee,Midtjylland,oui
A,Corée du Sud,Défenseur,Ki-hyuk Lee,Gangwon,oui
A,Corée du Sud,Défenseur,Tae-seok Lee,Austria Vienne,oui
A,Corée du Sud,Défenseur,Kim Min-jae,Bayern Munich,oui
A,Corée du Sud,Défenseur,Kim Moon-hwan,Daejeon Citizen,oui
A,Corée du Sud,Défenseur,Young-woo Seol,Étoile Rouge Belgrade,oui
A,Corée du Sud,Défenseur,Kim Tae-hyeon,Kashima Antlers,oui
A,Corée du Sud,Milieu,Jun-ho Bae,Stoke City,oui
A,Corée du Sud,Milieu,In-beom Hwang,Feyenoord,oui
A,Corée du Sud,Milieu,Kim Jin-gyu,Jeonbuk Motors,oui
A,Corée du Sud,Milieu,Dong-gyeong Lee,Ulsan,oui
A,Corée du Sud,Milieu,Jae-sung Lee,Mayence,oui
A,Corée du Sud,Milieu,Seung-ho Paik,Birmingham,oui
A,Corée du Sud,Milieu,Jin-seob Park,Zhejiang,oui
A,Corée du Sud,Attaquant,Gue-sung Cho,Midtjylland,oui
A,Corée du Sud,Attaquant,Ji-sung Eom,Swansea,oui
A,Corée du Sud,Attaquant,Hee-chan Hwang,Wolves,oui
A,Corée du Sud,Attaquant,Kang-in Lee,Paris SG,oui
A,Corée du Sud,Attaquant,Hyeon-gyu Oh,Besiktas,oui
A,Corée du Sud,Attaquant,Heung-min Son,Los Angeles FC,oui
A,Corée du Sud,Attaquant,Hyun-jun Yang,Celtic,oui
A,Mexique,Gardien,Carlos Acevedo,Santos Laguna,oui
A,Mexique,Gardien,Guillermo Ochoa,AEL,oui
A,Mexique,Gardien,Raúl Rangel,Chivas Guadalajara,oui
A,Mexique,Défenseur,Mateo Chávez,AZ Alkmaar,oui
A,Mexique,Défenseur,Jesús Gallardo,Toluca,oui
A,Mexique,Défenseur,César Montes,Lokomotiv Moskva,oui
A,Mexique,Défenseur,Israel Reyes,Club América,oui
A,Mexique,Défenseur,Jorge Sánchez,PAOK Salonique,oui
A,Mexique,Défenseur,Johan Vásquez,Gênes,oui
A,Mexique,Milieu,Edson Álvarez,Fenerbahçe,oui
A,Mexique,Milieu,Luis Chávez,Dinamo Moskva,oui
A,Mexique,Milieu,Álvaro Fidalgo,Real Betis,oui
A,Mexique,Milieu,Brian Gutiérrez,Guadalajara,oui
A,Mexique,Milieu,César Huerta,Anderlecht,oui
A,Mexique,Milieu,Érik Lira,Cruz Azul,oui
A,Mexique,Milieu,Gilberto Mora,Tijuana,oui
A,Mexique,Milieu,Orbelín Pineda,AEK Athènes,oui
A,Mexique,Milieu,Luis Romo,Chivas Guadalajara,oui
A,Mexique,Milieu,Obed Vargas,Atlético Madrid,oui
A,Mexique,Attaquant,Roberto Alvarado,Chivas Guadalajara,oui
A,Mexique,Attaquant,Guillermo Martínez Ayala,Pumas,oui
A,Mexique,Attaquant,Santiago Gimenez,AC Milan,oui
A,Mexique,Attaquant,Armando González,Chivas Guadalajara,oui
A,Mexique,Attaquant,Raúl Jiménez,Fulham,oui
A,Mexique,Attaquant,Julián Quiñones,Al-Qadsiah,oui
A,Mexique,Attaquant,Alexis Vega,Toluca,oui
A,Tchéquie,Gardien,Lukáš Horníček,,oui
A,Tchéquie,Gardien,Matěj Kovář,,oui
A,Tchéquie,Gardien,Jindřich Staněk,Slavia Prague,oui
A,Tchéquie,Défenseur,Štěpán Chaloupek,,oui
A,Tchéquie,Défenseur,Vladimír Coufal,Hoffenheim,oui
A,Tchéquie,Défenseur,David Doudera,Slavia Prague,oui
A,Tchéquie,Défenseur,Tomáš Holeš,Slavia Prague,oui
A,Tchéquie,Défenseur,Robin Hranáč,,oui
A,Tchéquie,Défenseur,David Jurásek,Slavia Prague,oui
A,Tchéquie,Défenseur,Ladislav Krejčí,Wolverhampton,oui
A,Tchéquie,Défenseur,Jaroslav Zelený,Sparta Prague,oui
A,Tchéquie,Défenseur,David Zima,Slavia Prague,oui
A,Tchéquie,Milieu,Lukáš Červ,,oui
A,Tchéquie,Milieu,Vladimír Darida,Hradec Králové,oui
A,Tchéquie,Milieu,Lukáš Provod,Slavia Prague,oui
A,Tchéquie,Milieu,Michal Sadílek,Slavia Prague,oui
A,Tchéquie,Milieu,Hugo Sochůrek,Sparta Prague,oui
A,Tchéquie,Milieu,Alexandr Sojka,Viktoria Plzeň,oui
A,Tchéquie,Milieu,Tomáš Souček,West Ham,oui
A,Tchéquie,Milieu,Pavel Šulc,,oui
A,Tchéquie,Milieu,Denis Višínský,Viktoria Plzeň,oui
A,Tchéquie,Attaquant,Tomáš Chorý,Slavia Prague,oui
A,Tchéquie,Attaquant,Mojmír Chytil,Slavia Prague,oui
A,Tchéquie,Attaquant,Adam Hložek,Hoffenheim,oui
A,Tchéquie,Attaquant,Jan Kuchta,Sparta Prague,oui
A,Tchéquie,Attaquant,Patrik Schick,Bayer Leverkusen,oui
B,Bosnie-Herzégovine,Gardien,Osman Hadzikic,Slaven Belupo,oui
B,Bosnie-Herzégovine,Gardien,Nikola Vasilj,St. Pauli,oui
B,Bosnie-Herzégovine,Gardien,Martin Zlomislić,Rijeka,oui
B,Bosnie-Herzégovine,Défenseur,Nidal Čelik,Lens,oui
B,Bosnie-Herzégovine,Défenseur,Amar Dedić,Benfica,oui
B,Bosnie-Herzégovine,Défenseur,Dennis Hadzikadunic,Sampdoria,oui
B,Bosnie-Herzégovine,Défenseur,Nikola Katić,Schalke 04,oui
B,Bosnie-Herzégovine,Défenseur,Sead Kolašinac,Atalanta,oui
B,Bosnie-Herzégovine,Défenseur,Tarik Muharemovic,Sassuolo,oui
B,Bosnie-Herzégovine,Défenseur,Nihad Mujakić,Gaziantep,oui
B,Bosnie-Herzégovine,Défenseur,Stjepan Radeljić,Rijeka,oui
B,Bosnie-Herzégovine,Milieu,Ivan Bašić,Astana,oui
B,Bosnie-Herzégovine,Milieu,Dzenis Burnic,Karlsruhe,oui
B,Bosnie-Herzégovine,Milieu,Armin Gigovic,Young Boys,oui
B,Bosnie-Herzégovine,Milieu,Amir Hadžiahmetović,Hull,oui
B,Bosnie-Herzégovine,Milieu,Ermin Mahmic,Slovan Liberec,oui
B,Bosnie-Herzégovine,Milieu,Amar Memić,Viktoria Plzeň,oui
B,Bosnie-Herzégovine,Milieu,Ivan Šunjić,Pafos,oui
B,Bosnie-Herzégovine,Milieu,Benjamin Tahirovic,Brondby,oui
B,Bosnie-Herzégovine,Attaquant,Kerim-Sam Alajbegović,RB Salzburg,oui
B,Bosnie-Herzégovine,Attaquant,Esmir Bajraktarevic,PSV,oui
B,Bosnie-Herzégovine,Attaquant,Samed Baždar,Jagiellonia,oui
B,Bosnie-Herzégovine,Attaquant,Ermedin Demirović,Stuttgart,oui
B,Bosnie-Herzégovine,Attaquant,Edin Džeko,Schalke 04,oui
B,Bosnie-Herzégovine,Attaquant,Jovo Lukic,Cluj,oui
B,Bosnie-Herzégovine,Attaquant,Haris Tabakovic,Mönchengladbach,oui
B,Canada,Gardien,Dayne St. Clair,Inter Miami,oui
B,Canada,Gardien,Maxime Crépeau,Orlando City,oui
B,Canada,Gardien,Owen Goodman,Barnsley,oui
B,Canada,Défenseur,Moïse Bombito,OGC Nice,oui
B,Canada,Défenseur,Derek Cornelius,Rangers Glasgow,oui
B,Canada,Défenseur,Alphonso Davies,Bayern Munich,oui
B,Canada,Défenseur,Luc De Fougerolles,Dender,oui
B,Canada,Défenseur,Alistair Johnston,Celtic Glasgow,oui
B,Canada,Défenseur,Alfie Jones,Middlesbrough,oui
B,Canada,Défenseur,Richie Laryea,Toronto,oui
B,Canada,Défenseur,Niko Sigur,Hajduk Split,oui
B,Canada,Défenseur,Joel Waterman,Chicago Fire,oui
B,Canada,Milieu,Ali Ahmed,Norwich City,oui
B,Canada,Milieu,Tajon Buchanan,Villarreal CF,oui
B,Canada,Milieu,Mathieu Choinière,Los Angeles FC,oui
B,Canada,Milieu,Stephen Eustaquio,Los Angeles FC,oui
B,Canada,Milieu,Ismaël Koné,Sassuolo,oui
B,Canada,Milieu,Jonathan Osorio,Toronto,oui
B,Canada,Milieu,Nathan-Dylan Saliba,Anderlecht,oui
B,Canada,Milieu,Jacob Shaffelburg,Los Angeles FC,oui
B,Canada,Attaquant,Jonathan David,Juventus,oui
B,Canada,Attaquant,Promise David,Union Saint-Gilloise,oui
B,Canada,Attaquant,Marcelo Flores,Tigres,oui
B,Canada,Attaquant,Cyle Larin,Southampton,oui
B,Canada,Attaquant,Liam Millar,Hull City,oui
B,Canada,Attaquant,Tani Oluwaseyi,Villarreal CF,oui
B,Qatar,Gardien,Mahmoud Abunada,Al-Rayyan,oui
B,Qatar,Gardien,Meshaal Barsham,Al Sadd,oui
B,Qatar,Gardien,Salah Zakaria,Al-Duhail,oui
B,Qatar,Défenseur,Homam Al-Amin,Cultural Leonesa,oui
B,Qatar,Défenseur,Sultan Al-Brake,Al-Duhail,oui
B,Qatar,Défenseur,Al-Hashmi Al-Hussain,Al-Arabi,oui
B,Qatar,Défenseur,Ayoub Al Alawi,Al-Gharafa,oui
B,Qatar,Défenseur,Boualem Khoukhi,Al-Sadd,oui
B,Qatar,Défenseur,Issa Laye,Al-Arabi,oui
B,Qatar,Défenseur,Lucas Mendes,Al-Wakrah,oui
B,Qatar,Défenseur,Pedro Miguel,Al-Sadd,oui
B,Qatar,Milieu,Karim Boudiaf,Al-Duhail SC,oui
B,Qatar,Milieu,Ahmed Fathy,Al-Arabi,oui
B,Qatar,Milieu,Jassim Gaber,Al-Rayyan,oui
B,Qatar,Milieu,Abdulaziz Hatem,Al-Rayyan,oui
B,Qatar,Milieu,Assim Madibo,Al-Wakrah,oui
B,Qatar,Milieu,Mohamed Mannai,Al-Shamal,oui
B,Qatar,Attaquant,Youssef Abdulrazzaq,Al-Wakrah,oui
B,Qatar,Attaquant,Akram Afif,Al-Sadd SC,oui
B,Qatar,Attaquant,Hassan Al-Haydos,Al-Sadd,oui
B,Qatar,Attaquant,Ahmed Alaa,Al-Rayyan,oui
B,Qatar,Attaquant,Almoez Ali,Al-Duhail,oui
B,Qatar,Attaquant,Ahmed Al Janehi,Al-Gharafa,oui
B,Qatar,Attaquant,Edmilson Junior,Al-Duhail,oui
B,Qatar,Attaquant,Tahsin Mohammed,Al-Duhail,oui
B,Qatar,Attaquant,Mohammed Muntari,Al-Gharafa,oui
B,Suisse,Gardien,Marvin Keller,Young Boys,oui
B,Suisse,Gardien,Gregor Kobel,Borussia Dortmund,oui
B,Suisse,Gardien,Yvon Mvogo,Lorient,oui
B,Suisse,Défenseur,Manuel Akanji,Inter Milan,oui
B,Suisse,Défenseur,Aurèle Amenda,Eintracht Francfort,oui
B,Suisse,Défenseur,Eray Cömert,Valence CF,oui
B,Suisse,Défenseur,Nico Elvedi,Borussia Mönchengladbach,oui
B,Suisse,Défenseur,Luca Jaquez,VfB Stuttgart,oui
B,Suisse,Défenseur,Miro Muheim,Hambourg,oui
B,Suisse,Défenseur,Ricardo Rodríguez,Betis Séville,oui
B,Suisse,Défenseur,Silvan Widmer,Mayence,oui
B,Suisse,Milieu,Michel Aebischer,Pisa,oui
B,Suisse,Milieu,Christian Fassnacht,Young Boys,oui
B,Suisse,Milieu,Remo Freuler,Bologne,oui
B,Suisse,Milieu,Ardon Jashari,AC Milan,oui
B,Suisse,Milieu,Johan Manzambi,Fribourg,oui
B,Suisse,Milieu,Fabian Rieder,FC Augsburg,oui
B,Suisse,Milieu,Djibril Sow,Séville FC,oui
B,Suisse,Milieu,Granit Xhaka,Sunderland,oui
B,Suisse,Milieu,Denis Zakaria,AS Monaco,oui
B,Suisse,Attaquant,Zeki Amdouni,Burnley,oui
B,Suisse,Attaquant,Breel Embolo,Stade Rennais,oui
B,Suisse,Attaquant,Cedric Itten,Fortuna Düsseldorf,oui
B,Suisse,Attaquant,Dan Ndoye,Nottingham Forest,oui
B,Suisse,Attaquant,Noah Okafor,Leeds United,oui
B,Suisse,Attaquant,Rubén Vargas,Séville FC,oui
C,Brésil,Gardien,Alisson,Liverpool,oui
C,Brésil,Gardien,Ederson,Fenerbahçe,oui
C,Brésil,Gardien,Weverton,Grêmio,oui
C,Brésil,Défenseur,Bremer,Juventus,oui
C,Brésil,Défenseur,Danilo,Flamengo,oui
C,Brésil,Défenseur,Ibañez,Al-Ahli,oui
C,Brésil,Défenseur,Gabriel Magalhães,Arsenal,oui
C,Brésil,Défenseur,Marquinhos,Paris Saint-Germain,oui
C,Brésil,Défenseur,Léo Pereira,Flamengo,oui
C,Brésil,Défenseur,Alex Sandro,Flamengo,oui
C,Brésil,Défenseur,Douglas Santos,Zenit,oui
C,Brésil,Défenseur,Wesley,AS Rome,oui
C,Brésil,Milieu,Casemiro,Manchester United,oui
C,Brésil,Milieu,Fabinho,Al-Ittihad,oui
C,Brésil,Milieu,Bruno Guimarães,Newcastle United,oui
C,Brésil,Milieu,Lucas Paquetá,Flamengo,oui
C,Brésil,Milieu,Danilo Santos,,oui
C,Brésil,Attaquant,Matheus Cunha,Manchester United,oui
C,Brésil,Attaquant,Endrick,Lyon,oui
C,Brésil,Attaquant,Luiz Henrique,Zenit,oui
C,Brésil,Attaquant,Vinícius Júnior,Real Madrid,oui
C,Brésil,Attaquant,Gabriel Martinelli,Arsenal,oui
C,Brésil,Attaquant,Neymar,Santos,oui
C,Brésil,Attaquant,Raphinha,FC Barcelone,oui
C,Brésil,Attaquant,Rayan,Bournemouth,oui
C,Brésil,Attaquant,Igor Thiago,Brentford,oui
C,Écosse,Gardien,Craig Gordon,Hearts,oui
C,Écosse,Gardien,Angus Gunn,Nottingham Forest,oui
C,Écosse,Gardien,Liam Kelly,Rangers Glasgow,oui
C,Écosse,Défenseur,Grant Hanley,Hibernian,oui
C,Écosse,Défenseur,Jack Hendry,Al Ettifaq,oui
C,Écosse,Défenseur,Aaron Hickey,Brentford,oui
C,Écosse,Défenseur,Dom Hyam,Wrexham,oui
C,Écosse,Défenseur,Scott McKenna,Dinamo Zagreb,oui
C,Écosse,Défenseur,Nathan Patterson,Everton,oui
C,Écosse,Défenseur,Anthony Ralston,Celtic Glasgow,oui
C,Écosse,Défenseur,Andrew Robertson,Liverpool,oui
C,Écosse,Défenseur,John Souttar,Rangers Glasgow,oui
C,Écosse,Défenseur,Kieran Tierney,Celtic Glasgow,oui
C,Écosse,Milieu,Ryan Christie,Bournemouth,oui
C,Écosse,Milieu,Findlay Curtis,Kilmarnock,oui
C,Écosse,Milieu,Lewis Ferguson,Bologne,oui
C,Écosse,Milieu,Ben Gannon-Doak,Bournemouth,oui
C,Écosse,Milieu,Billy Gilmour,Naples,oui
C,Écosse,Milieu,John McGinn,Aston Villa,oui
C,Écosse,Milieu,Kenny McLean,Norwich City,oui
C,Écosse,Milieu,Scott McTominay,Naples,oui
C,Écosse,Attaquant,Ché Adams,Torino FC,oui
C,Écosse,Attaquant,Lyndon Dykes,Charlton Athletic,oui
C,Écosse,Attaquant,George Hirst,Ipswich Town,oui
C,Écosse,Attaquant,Lawrence Shankland,Hearts,oui
C,Écosse,Attaquant,Ross Stewart,Southampton,oui
C,Haïti,Gardien,Josué Duverger,Cosmos Koblenz,oui
C,Haïti,Gardien,Alexandre Pierre,Sochaux,oui
C,Haïti,Gardien,Johny Placide,Bastia,oui
C,Haïti,Défenseur,Ricardo Adé,LDU Quito,oui
C,Haïti,Défenseur,Carlens Arcus,Angers,oui
C,Haïti,Défenseur,Hannes Delcroix,Lugano,oui
C,Haïti,Défenseur,Jean-Kévin Duverne,La Gantoise,oui
C,Haïti,Défenseur,Martin Expérience,Nancy,oui
C,Haïti,Défenseur,Duke Lacroix,Colorado Springs,oui
C,Haïti,Défenseur,Wilguens Paugain,Zulte-Waregem,oui
C,Haïti,Défenseur,Keeto Thermoncy,Young Boys,oui
C,Haïti,Milieu,Jean-Ricner Bellegarde,Wolves,oui
C,Haïti,Milieu,Danley Jean Jacques,Philadelphia Union,oui
C,Haïti,Milieu,Leverton Pierre,Vizela,oui
C,Haïti,Milieu,Woodensky Pierre,Real Hope,oui
C,Haïti,Milieu,Carl Sainté,El Paso Locomotive,oui
C,Haïti,Milieu,Dominique Simon,Presov,oui
C,Haïti,Attaquant,Josué Casimir,Auxerre,oui
C,Haïti,Attaquant,Yassin Fortune,Vizela,oui
C,Haïti,Attaquant,Wilson Isidor,Sunderland,oui
C,Haïti,Attaquant,Lenny Joseph,Ludogorets,oui
C,Haïti,Attaquant,Derrick Etienne Jr.,Toronto,oui
C,Haïti,Attaquant,Deedson Louicius,Dallas,oui
C,Haïti,Attaquant,Duckens Nazon,Esteghlal Téhéran,oui
C,Haïti,Attaquant,Frantzdy Pierrot,Rizespor,oui
C,Haïti,Attaquant,Ruben Providence,Almere City,oui
C,Maroc,Gardien,Yassine Bounou,Al-Hilal,oui
C,Maroc,Gardien,Munir El Kajoui,RSB Berkane,oui
C,Maroc,Gardien,Ahmed Reda Tagnaouti,FAR Rabat,oui
C,Maroc,Défenseur,Nayef Aguerd,Olympique de Marseille,oui
C,Maroc,Défenseur,Youssef Belammari,Al Ahly,oui
C,Maroc,Défenseur,Issa Diop,Fulham,oui
C,Maroc,Défenseur,Achraf Hakimi,Paris Saint-Germain,oui
C,Maroc,Défenseur,Redouane Halhal,Mechelen,oui
C,Maroc,Défenseur,Noussair Mazraoui,Manchester United,oui
C,Maroc,Défenseur,Zakaria El Ouahdi,Genk,oui
C,Maroc,Défenseur,Chadi Riad,Crystal Palace,oui
C,Maroc,Défenseur,Anass Salah-Eddine,PSV Eindhoven,oui
C,Maroc,Milieu,Sofyan Amrabat,Betis Séville,oui
C,Maroc,Milieu,Neil El Aynaoui,AS Rome,oui
C,Maroc,Milieu,Ayyoub Bouaddi,Lille OSC,oui
C,Maroc,Milieu,Bilal El Khannouss,VfB Stuttgart,oui
C,Maroc,Milieu,Samir El Mourabet,RC Strasbourg,oui
C,Maroc,Milieu,Azzedine Ounahi,Girona,oui
C,Maroc,Milieu,Ismael Saibari,PSV Eindhoven,oui
C,Maroc,Attaquant,Ayoube Amaimouni,Eintracht Francfort,oui
C,Maroc,Attaquant,Brahim Díaz,Real Madrid,oui
C,Maroc,Attaquant,Abde Ezzalzouli,Betis Séville,oui
C,Maroc,Attaquant,Ayoub El Kaabi,Olympiacos F.C.,oui
C,Maroc,Attaquant,Soufiane Rahimi,Al Ain,oui
C,Maroc,Attaquant,Chemsdine Talbi,Sunderland,oui
C,Maroc,Attaquant,Gessime Yassine,RC Strasbourg,oui
D,Australie,Gardien,Patrick Beach,Melbourne City,oui
D,Australie,Gardien,Paul Izzo,Randers FC,oui
D,Australie,Gardien,Mathew Ryan,Levante,oui
D,Australie,Défenseur,Aziz Behich,Melbourne City,oui
D,Australie,Défenseur,Jordan Bos,Feyenoord Rotterdam,oui
D,Australie,Défenseur,Cameron Burgess,Swansea City,oui
D,Australie,Défenseur,Alessandro Circati,Parma,oui
D,Australie,Défenseur,Milos Degenek,APOEL,oui
D,Australie,Défenseur,Jason Geria,Albirex Niigata,oui
D,Australie,Défenseur,Lucas Herrington,Colorado Rapids,oui
D,Australie,Défenseur,Jacob Italiano,Grazer AK,oui
D,Australie,Défenseur,Harry Souttar,Leicester,oui
D,Australie,Défenseur,Kai Trewin,New York City,oui
D,Australie,Milieu,Cammy Devlin,Hearts,oui
D,Australie,Milieu,Jackson Irvine,St. Pauli,oui
D,Australie,Milieu,Aiden O'Neill,New York City,oui
D,Australie,Milieu,Paul Okon-Engstler,Sydney,oui
D,Australie,Attaquant,Ajdin Hrustic,Heracles Almelo,oui
D,Australie,Attaquant,Nestory Irankunda,Watford,oui
D,Australie,Attaquant,Mathew Leckie,Melbourne City,oui
D,Australie,Attaquant,Awer Mabil,Castellón,oui
D,Australie,Attaquant,Connor Metcalfe,,oui
D,Australie,Attaquant,Mohamed Touré,Norwich City,oui
D,Australie,Attaquant,Nishan Velupillay,Melbourne Victory,oui
D,Australie,Attaquant,Cristian Volpato,Sassuolo,oui
D,Australie,Attaquant,Tete Yengi,Machida Zelvia,oui
D,États-Unis,Gardien,Chris Brady,Chicago Fire,oui
D,États-Unis,Gardien,Matt Freese,New York City,oui
D,États-Unis,Gardien,Matt Turner,New England,oui
D,États-Unis,Défenseur,Max Arfsten,Columbus Crew,oui
D,États-Unis,Défenseur,Sergiño Dest,PSV Eindhoven,oui
D,États-Unis,Défenseur,Alex Freeman,Villarreal CF,oui
D,États-Unis,Défenseur,Mark McKenzie,Toulouse FC,oui
D,États-Unis,Défenseur,Tim Ream,Charlotte,oui
D,États-Unis,Défenseur,Chris Richards,Crystal Palace,oui
D,États-Unis,Défenseur,Antonee Robinson,Fulham,oui
D,États-Unis,Défenseur,Miles Robinson,Cincinnati,oui
D,États-Unis,Défenseur,Joe Scally,Borussia Mönchengladbach,oui
D,États-Unis,Défenseur,Auston Trusty,Celtic Glasgow,oui
D,États-Unis,Milieu,Brenden Aaronson,Leeds United,oui
D,États-Unis,Milieu,Tyler Adams,Bournemouth,oui
D,États-Unis,Milieu,Sebastian Berhalter,Vancouver Whitecaps,oui
D,États-Unis,Milieu,Weston McKennie,Juventus,oui
D,États-Unis,Milieu,Cristian Roldán,Seattle Sounders,oui
D,États-Unis,Milieu,Malik Tillman,Bayer Leverkusen,oui
D,États-Unis,Milieu,Timothy Weah,Olympique de Marseille,oui
D,États-Unis,Milieu,Álex Zendejas,Club América,oui
D,États-Unis,Attaquant,Folarin Balogun,AS Monaco,oui
D,États-Unis,Attaquant,Ricardo Pepi,PSV Eindhoven,oui
D,États-Unis,Attaquant,Christian Pulisic,AC Milan,oui
D,États-Unis,Attaquant,Giovanni Reyna,Borussia Mönchengladbach,oui
D,États-Unis,Attaquant,Haji Wright,Coventry City,oui
D,Paraguay,Gardien,Roberto Fernández,Cerro Porteño,oui
D,Paraguay,Gardien,Orlando Gill,San Lorenzo,oui
D,Paraguay,Gardien,Gastón Oliveira,Olimpia,oui
D,Paraguay,Défenseur,Omar Alderete,Sunderland,oui
D,Paraguay,Défenseur,Júnior Alonso,Atlético Mineiro,oui
D,Paraguay,Défenseur,Fabián Balbuena,Grêmio,oui
D,Paraguay,Défenseur,Juan José Cáceres,Dinamo Moskva,oui
D,Paraguay,Défenseur,José Canale,Lanús,oui
D,Paraguay,Défenseur,Gustavo Gómez,Palmeiras,oui
D,Paraguay,Défenseur,Alessandro Maidana,Talleres,oui
D,Paraguay,Défenseur,Gustavo Velázquez,Cerro Porteño,oui
D,Paraguay,Milieu,Damián Bobadilla,São Paulo,oui
D,Paraguay,Milieu,Andrés Cubas,Vancouver Whitecaps,oui
D,Paraguay,Milieu,Matías Galarza Fonda,Atlanta United,oui
D,Paraguay,Milieu,Diego Gómez,Brighton,oui
D,Paraguay,Milieu,Kaku,Al Ain,oui
D,Paraguay,Milieu,Mauricio Maghalhaes,Palmeiras,oui
D,Paraguay,Milieu,Braian Ojeda,Orlando City,oui
D,Paraguay,Attaquant,Miguel Almirón,Atlanta United,oui
D,Paraguay,Attaquant,Álex Arce,Independiente Rivadavia,oui
D,Paraguay,Attaquant,Gabriel Ávalos,Independiente,oui
D,Paraguay,Attaquant,Gustavo Caballero,Portsmouth,oui
D,Paraguay,Attaquant,Julio Enciso,RC Strasbourg,oui
D,Paraguay,Attaquant,Isidro Pitta,Bragantino,oui
D,Paraguay,Attaquant,Antonio Sanabria,Cremonese,oui
D,Paraguay,Attaquant,Ramón Sosa,Palmeiras,oui
D,Turquie,Gardien,Altay Bayındır,,oui
D,Turquie,Gardien,Uğurcan Çakır,,oui
D,Turquie,Gardien,Mert Günok,,oui
D,Turquie,Défenseur,Samet Akaydın,,oui
D,Turquie,Défenseur,Abdülkerim Bardakcı,,oui
D,Turquie,Défenseur,Zeki Çelik,,oui
D,Turquie,Défenseur,Merih Demiral,,oui
D,Turquie,Défenseur,Eren Elmalı,,oui
D,Turquie,Défenseur,Ozan Kabak,,oui
D,Turquie,Défenseur,Ferdi Kadıoğlu,,oui
D,Turquie,Défenseur,Mert Müldür,,oui
D,Turquie,Défenseur,Çağlar Söyüncü,Fenerbahçe,oui
D,Turquie,Milieu,Kaan Ayhan,,oui
D,Turquie,Milieu,Hakan Çalhanoğlu,Inter Milan,oui
D,Turquie,Milieu,Orkun Kökçü,,oui
D,Turquie,Milieu,Salih Özcan,,oui
D,Turquie,Milieu,İsmail Yüksek,,oui
D,Turquie,Attaquant,Yunus Akgün,,oui
D,Turquie,Attaquant,Kerem Aktürkoğlu,Benfica,oui
D,Turquie,Attaquant,Oğuz Aydın,,oui
D,Turquie,Attaquant,Deniz Gül,,oui
D,Turquie,Attaquant,Arda Güler,Real Madrid,oui
D,Turquie,Attaquant,İrfan Can Kahveci,,oui
D,Turquie,Attaquant,Can Uzun,Eintracht Francfort,oui
D,Turquie,Attaquant,Kenan Yıldız,,oui
D,Turquie,Attaquant,Barış Alper Yılmaz,,oui
E,Allemagne,Gardien,Oliver Baumann,TSG Hoffenheim,oui
E,Allemagne,Gardien,Manuel Neuer,Bayern Munich,oui
E,Allemagne,Gardien,Alexander Nübel,VfB Stuttgart,oui
E,Allemagne,Défenseur,Waldemar Anton,Borussia Dortmund,oui
E,Allemagne,Défenseur,Nathaniel Brown,Eintracht Francfort,oui
E,Allemagne,Défenseur,Joshua Kimmich,Bayern Munich,oui
E,Allemagne,Défenseur,Aleksandar Pavlovic,Bayern Munich,oui
E,Allemagne,Défenseur,David Raum,RB Leipzig,oui
E,Allemagne,Défenseur,Antonio Rüdiger,Real Madrid,oui
E,Allemagne,Défenseur,Nico Schlotterbeck,Borussia Dortmund,oui
E,Allemagne,Défenseur,Jonathan Tah,Bayern Munich,oui
E,Allemagne,Défenseur,Malick Thiaw,Newcastle,oui
E,Allemagne,Milieu,Nadiem Amiri,Mayence,oui
E,Allemagne,Milieu,Leon Goretzka,Bayern Munich,oui
E,Allemagne,Milieu,Pascal Groß,Brighton,oui
E,Allemagne,Milieu,Felix Nmecha,Borussia Dortmund,oui
E,Allemagne,Milieu,Angelo Stiller,VfB Stuttgart,oui
E,Allemagne,Attaquant,Maximilian Beier,Borussia Dortmund,oui
E,Allemagne,Attaquant,Kai Havertz,Arsenal,oui
E,Allemagne,Attaquant,Lennart Karl,Bayern Munich,oui
E,Allemagne,Attaquant,Jamie Leweling,VfB Stuttgart,oui
E,Allemagne,Attaquant,Jamal Musiala,Bayern Munich,oui
E,Allemagne,Attaquant,Leroy Sané,Galatasaray,oui
E,Allemagne,Attaquant,Deniz Undav,VfB Stuttgart,oui
E,Allemagne,Attaquant,Florian Wirtz,Liverpool,oui
E,Allemagne,Attaquant,Nick Woltemade,Newcastle,oui
E,Côte d'Ivoire,Gardien,Yahia Fofana,Rizespor,oui
E,Côte d'Ivoire,Gardien,Mohamed Koné,Charleroi,oui
E,Côte d'Ivoire,Gardien,Alban Lafont,Panathinaïkos,oui
E,Côte d'Ivoire,Défenseur,Emmanuel Agbadou,Besiktas,oui
E,Côte d'Ivoire,Défenseur,Clément Apka,Auxerre,oui
E,Côte d'Ivoire,Défenseur,Ousmane Diomandé,Sporting CP,oui
E,Côte d'Ivoire,Défenseur,Guéla Doué,Strasbourg,oui
E,Côte d'Ivoire,Défenseur,Ghislain Konan,Gil Vicente,oui
E,Côte d'Ivoire,Défenseur,Odilon Kossounou,Atalanta Bergame,oui
E,Côte d'Ivoire,Défenseur,Evan Ndicka,AS Rome,oui
E,Côte d'Ivoire,Défenseur,Wilfried Singo,Galatasaray,oui
E,Côte d'Ivoire,Milieu,Séko Fofana,FC Porto,oui
E,Côte d'Ivoire,Milieu,Franck Kessié,Al-Ahli,oui
E,Côte d'Ivoire,Milieu,Christ Inao Oulaï,Trabzonspor,oui
E,Côte d'Ivoire,Milieu,Ibrahim Sangaré,Nottingham Forest,oui
E,Côte d'Ivoire,Milieu,Jean Michaël Seri,Maribor,oui
E,Côte d'Ivoire,Attaquant,Simon Adingra,AS Monaco,oui
E,Côte d'Ivoire,Attaquant,Ange-Yoan Bonny,Inter Milan,oui
E,Côte d'Ivoire,Attaquant,Oumar Diakité,Cercle Bruges,oui
E,Côte d'Ivoire,Attaquant,Amad Diallo,Manchester United,oui
E,Côte d'Ivoire,Attaquant,Yan Diomandé,RB Leipzig,oui
E,Côte d'Ivoire,Attaquant,Evann Guessand,Crystal Palace,oui
E,Côte d'Ivoire,Attaquant,Parfait Guiagon,Charleroi,oui
E,Côte d'Ivoire,Attaquant,Nicolas Pépé,Villarreal,oui
E,Côte d'Ivoire,Attaquant,Bazoumana Touré,Hoffenheim,oui
E,Côte d'Ivoire,Attaquant,Elye Wahi,Nice,oui
E,Curaçao,Gardien,Tyrick Bodak,Telstar,oui
E,Curaçao,Gardien,Trevor Doornbusch,VVV-Venlo,oui
E,Curaçao,Gardien,Eloy Room,Miami FC,oui
E,Curaçao,Défenseur,Riechedly Bazoer,Konyaspor,oui
E,Curaçao,Défenseur,Joshua Brenet,Kayserispor,oui
E,Curaçao,Défenseur,Livano Comenencia,FC Zürich,oui
E,Curaçao,Défenseur,Roshon van Eijma,RKC Waalwijk,oui
E,Curaçao,Défenseur,Sherel Floranus,PEC Zwolle,oui
E,Curaçao,Défenseur,Deveron Fonville,NEC Nimègue,oui
E,Curaçao,Défenseur,Juriën Gaari,Abha Club,oui
E,Curaçao,Défenseur,Armando Obispo,PSV Eindhoven,oui
E,Curaçao,Défenseur,Shurandy Sambo,Sparta Rotterdam,oui
E,Curaçao,Milieu,Juninho Bacuna,Telstar,oui
E,Curaçao,Milieu,Leandro Bacuna,Iğdır FK,oui
E,Curaçao,Milieu,Kevin Felida,FC Den Bosch,oui
E,Curaçao,Milieu,Ar'jany Martha,Rotherham United,oui
E,Curaçao,Milieu,Tyrese Noslin,Telstar,oui
E,Curaçao,Milieu,Godfried Roemeratoe,RKC Waalwijk,oui
E,Curaçao,Attaquant,Jeremy Antonisse,AE Kifisia,oui
E,Curaçao,Attaquant,Tahith Chong,Sheffield United,oui
E,Curaçao,Attaquant,Kenji Gorré,Maccabi Haïfa,oui
E,Curaçao,Attaquant,Sontje Hansen,Middlesbrough,oui
E,Curaçao,Attaquant,Gervane Kastaneer,Terengganu,oui
E,Curaçao,Attaquant,Brandley Kuwas,Telstar,oui
E,Curaçao,Attaquant,Jürgen Locadia,Miami FC,oui
E,Curaçao,Attaquant,Jearl Margaritha,SK Beveren,oui
E,Équateur,Gardien,Hernán Galíndez,Huracán,oui
E,Équateur,Gardien,Moisés Ramírez,Kifisia,oui
E,Équateur,Gardien,Gonzalo Valle,LDU Quito,oui
E,Équateur,Défenseur,Pervis Estupiñán,AC Milan,oui
E,Équateur,Défenseur,Piero Hincapié,Arsenal,oui
E,Équateur,Défenseur,Joel Ordóñez,Club Bruges,oui
E,Équateur,Défenseur,Willian Pacho,Paris Saint-Germain,oui
E,Équateur,Défenseur,Jackson Porozo,Tijuana,oui
E,Équateur,Défenseur,Angelo Preciado,Atlético Mineiro,oui
E,Équateur,Défenseur,Félix Torres,Internacional,oui
E,Équateur,Milieu,Jordy Alcívar,Independiente del Valle,oui
E,Équateur,Milieu,Nilson Angulo,Sunderland,oui
E,Équateur,Milieu,Moisés Caicedo,Chelsea,oui
E,Équateur,Milieu,Denil Castillo,FC Midtjylland,oui
E,Équateur,Milieu,Alan Franco,Atlético Mineiro,oui
E,Équateur,Milieu,Alan Minda,Atlético Mineiro,oui
E,Équateur,Milieu,Kendry Páez,River Plate,oui
E,Équateur,Milieu,Gonzalo Plata,Flamengo,oui
E,Équateur,Milieu,Pedro Vite,Pumas,oui
E,Équateur,Milieu,John Yeboah,Venise,oui
E,Équateur,Attaquant,Jeremy Arévalo,VfB Stuttgart,oui
E,Équateur,Attaquant,Jordy Caicedo,Huracán,oui
E,Équateur,Attaquant,Yaimar Medina,Genk,oui
E,Équateur,Attaquant,Kevin Rodríguez,Union Saint-Gilloise,oui
E,Équateur,Attaquant,Anthony Valencia,Royal Antwerp,oui
E,Équateur,Attaquant,Enner Valencia,Pachuca,oui
F,Japon,Gardien,Tomoki Hayakawa,Kashima Antlers,oui
F,Japon,Gardien,Keisuke Osako,Sanfrecce Hiroshima,oui
F,Japon,Gardien,Zion Suzuki,Parme,oui
F,Japon,Défenseur,Ko Itakura,Ajax,oui
F,Japon,Défenseur,Hiroki Ito,Bayern Munich,oui
F,Japon,Défenseur,Yuto Nagatomo,FC Tokyo,oui
F,Japon,Défenseur,Ayumu Seko,Le Havre,oui
F,Japon,Défenseur,Yukinari Sugawara,Werder Brême,oui
F,Japon,Défenseur,Junnosuke Suzuki,FC København,oui
F,Japon,Défenseur,Shogo Taniguchi,Saint-Trond,oui
F,Japon,Défenseur,Takehiro Tomiyasu,Ajax,oui
F,Japon,Défenseur,Tsuyoshi Watanabe,Feyenoord,oui
F,Japon,Milieu,Wataru Endo,Liverpool,oui
F,Japon,Milieu,Daichi Kamada,Crystal Palace,oui
F,Japon,Milieu,Kaishu Sano,Mayence,oui
F,Japon,Milieu,Ao Tanaka,Leeds United,oui
F,Japon,Attaquant,Ritsu Doan,Eintracht Francfort,oui
F,Japon,Attaquant,Keisuke Goto,Saint-Trond,oui
F,Japon,Attaquant,Junya Ito,KRC Genk,oui
F,Japon,Attaquant,Takefusa Kubo,Real Sociedad,oui
F,Japon,Attaquant,Daizen Maeda,Celtic,oui
F,Japon,Attaquant,Keito Nakamura,Reims,oui
F,Japon,Attaquant,Koki Ogawa,NEC Nimègue,oui
F,Japon,Attaquant,Kento Shiogai,Wolfsburg,oui
F,Japon,Attaquant,Yuito Suzuki,Fribourg,oui
F,Japon,Attaquant,Ayase Ueda,Feyenoord,oui
F,Pays-Bas,Gardien,Mark Flekken,Bayer Leverkusen,oui
F,Pays-Bas,Gardien,Robin Roefs,Sunderland,oui
F,Pays-Bas,Gardien,Bart Verbruggen,Brighton,oui
F,Pays-Bas,Défenseur,Nathan Aké,Manchester City,oui
F,Pays-Bas,Défenseur,Virgil van Dijk,Liverpool,oui
F,Pays-Bas,Défenseur,Denzel Dumfries,Inter Milan,oui
F,Pays-Bas,Défenseur,Jorrel Hato,Chelsea,oui
F,Pays-Bas,Défenseur,Jan Paul van Hecke,Brighton,oui
F,Pays-Bas,Défenseur,Jurriën Timber,Arsenal,oui
F,Pays-Bas,Défenseur,Micky van de Ven,Tottenham,oui
F,Pays-Bas,Milieu,Ryan Gravenberch,Liverpool,oui
F,Pays-Bas,Milieu,Frenkie de Jong,FC Barcelone,oui
F,Pays-Bas,Milieu,Teun Koopmeiners,Juventus,oui
F,Pays-Bas,Milieu,Tijjani Reijnders,Manchester City,oui
F,Pays-Bas,Milieu,Marten de Roon,Atalanta Bergame,oui
F,Pays-Bas,Milieu,Guus Til,PSV Eindhoven,oui
F,Pays-Bas,Milieu,Quinten Timber,Olympique de Marseille,oui
F,Pays-Bas,Milieu,Mats Wieffer,Brighton,oui
F,Pays-Bas,Attaquant,Brian Brobbey,Sunderland,oui
F,Pays-Bas,Attaquant,Memphis Depay,Corinthians,oui
F,Pays-Bas,Attaquant,Cody Gakpo,Liverpool,oui
F,Pays-Bas,Attaquant,Justin Kluivert,Bournemouth,oui
F,Pays-Bas,Attaquant,Noa Lang,Galatasaray,oui
F,Pays-Bas,Attaquant,Donyell Malen,AS Roma (prêt Aston Villa),oui
F,Pays-Bas,Attaquant,Crysencio Summerville,West Ham,oui
F,Pays-Bas,Attaquant,Wout Weghorst,Ajax Amsterdam,oui
F,Suède,Gardien,Viktor Johansson,Stoke City,oui
F,Suède,Gardien,Kristoffer Nordfeldt,AIK,oui
F,Suède,Gardien,Jacob Zetterström,Derby County,oui
F,Suède,Défenseur,Hjalmar Ekdal,Burnley,oui
F,Suède,Défenseur,Gabriel Gudmundsson,Leeds United,oui
F,Suède,Défenseur,Isak Hien,Atalanta,oui
F,Suède,Défenseur,Emil Holm,Juventus,oui
F,Suède,Défenseur,Gustaf Lagerbielke,SC Braga,oui
F,Suède,Défenseur,Victor Lindelöf,Aston Villa,oui
F,Suède,Défenseur,Eric Smith,FC St. Pauli,oui
F,Suède,Défenseur,Carl Starfelt,Celta Vigo,oui
F,Suède,Défenseur,Daniel Svensson,Borussia Dortmund,oui
F,Suède,Milieu,Yasin Ayari,Brighton,oui
F,Suède,Milieu,Lucas Bergvall,Tottenham,oui
F,Suède,Milieu,Jesper Karlström,Udinese,oui
F,Suède,Milieu,Ken Sema,Pafos FC,oui
F,Suède,Milieu,Elliot Stroud,Mjällby AIF,oui
F,Suède,Milieu,Mattias Svanberg,Wolfsburg,oui
F,Suède,Milieu,Besfort Zeneli,Union Saint-Gilloise,oui
F,Suède,Attaquant,Taha Ali,Malmö FF,oui
F,Suède,Attaquant,Alexander Bernhardsson,Holstein Kiel,oui
F,Suède,Attaquant,Anthony Elanga,Newcastle United,oui
F,Suède,Attaquant,Viktor Gyökeres,Arsenal,oui
F,Suède,Attaquant,Alexander Isak,Liverpool,oui
F,Suède,Attaquant,Gustaf Nilsson,Club Bruges,oui
F,Suède,Attaquant,Benjamin Nygren,Celtic,oui
F,Tunisie,Gardien,Abdelmouhib Chamakh,Club Africain,oui
F,Tunisie,Gardien,Aymen Dahmen,CS Sfax,oui
F,Tunisie,Gardien,Mouez Hassen,ES Sahel,oui
F,Tunisie,Défenseur,Ali Abdi,Nice,oui
F,Tunisie,Défenseur,Adem Arous,Kasimpasa,oui
F,Tunisie,Défenseur,Dylan Bronn,Servette,oui
F,Tunisie,Défenseur,Raed Chikhaoui,Monastir,oui
F,Tunisie,Défenseur,Mohamed Amine Ben Hamida,ES Tunis,oui
F,Tunisie,Défenseur,Moutaz Neffati,Norrköping,oui
F,Tunisie,Défenseur,Omar Rekik,Maribor,oui
F,Tunisie,Défenseur,Montassar Talbi,Lorient,oui
F,Tunisie,Défenseur,Yan Valéry,Young Boys,oui
F,Tunisie,Milieu,Rani Khedira,Union Berlin,oui
F,Tunisie,Milieu,Mohamed Belhadj Mahmoud,Lugano,oui
F,Tunisie,Milieu,Hannibal Mejbri,Burnley,oui
F,Tunisie,Milieu,Ellyes Skhiri,Eintracht Francfort,oui
F,Tunisie,Milieu,Anis Slimane,Norwich City,oui
F,Tunisie,Attaquant,Elias Achouri,FC Copenhague,oui
F,Tunisie,Attaquant,Khalil Ayari,Paris Saint-Germain U21,oui
F,Tunisie,Attaquant,Firas Chaouat,Club Africain,oui
F,Tunisie,Attaquant,Rayan Elloumi,Vancouver Whitecaps,oui
F,Tunisie,Attaquant,Ismaël Gharbi,Augsbourg,oui
F,Tunisie,Attaquant,Hazem Mastouri,Dinamo Makhachkala,oui
F,Tunisie,Attaquant,Mortadha Ben Ouanes,Kasımpaşa,oui
F,Tunisie,Attaquant,Elias Saad,Hanovre,oui
F,Tunisie,Attaquant,Sébastian Tounekti,Celtic,oui
G,Belgique,Gardien,Thibaut Courtois,Real Madrid,oui
G,Belgique,Gardien,Senne Lammens,Manchester United,oui
G,Belgique,Gardien,Mike Penders,Strasbourg,oui
G,Belgique,Défenseur,Timothy Castagne,Fulham,oui
G,Belgique,Défenseur,Maxim De Cuyper,Brighton,oui
G,Belgique,Défenseur,Zeno Debast,Sporting CP,oui
G,Belgique,Défenseur,Brandon Mechele,Club Bruges,oui
G,Belgique,Défenseur,Thomas Meunier,Lille,oui
G,Belgique,Défenseur,Nathan Ngoy,Lille,oui
G,Belgique,Défenseur,Joaquin Seys,Club Bruges,oui
G,Belgique,Défenseur,Arthur Theate,Eintracht Francfort,oui
G,Belgique,Défenseur,Koni De Winter,AC Milan,oui
G,Belgique,Milieu,Kevin De Bruyne,Naples,oui
G,Belgique,Milieu,Amadou Onana,Aston Villa,oui
G,Belgique,Milieu,Nicolas Raskin,Glasgow Rangers,oui
G,Belgique,Milieu,Youri Tielemans,Aston Villa,oui
G,Belgique,Milieu,Hans Vanaken,Club Bruges,oui
G,Belgique,Milieu,Axel Witsel,Gérone,oui
G,Belgique,Attaquant,Jeremy Doku,Manchester City,oui
G,Belgique,Attaquant,Matias Fernandez-Pardo,Lille,oui
G,Belgique,Attaquant,Charles De Ketelaere,Atalanta,oui
G,Belgique,Attaquant,Romelu Lukaku,Naples,oui
G,Belgique,Attaquant,Dodi Lukebakio,Benfica,oui
G,Belgique,Attaquant,Diego Moreira,Strasbourg,oui
G,Belgique,Attaquant,Alexis Saelemaekers,AC Milan,oui
G,Belgique,Attaquant,Leandro Trossard,Arsenal,oui
G,Égypte,Gardien,Mohamed Alaa,El-Gouna,oui
G,Égypte,Gardien,Mohamed El-Shenawy,Al Ahly,oui
G,Égypte,Gardien,Mostafa Shobeir,Al Ahly,oui
G,Égypte,Gardien,El-Mahdy Soliman,Zamalek,oui
G,Égypte,Défenseur,Hossam Abdelmaguid,Zamalek,oui
G,Égypte,Défenseur,Mohamed Abdelmonem,OGC Nice,oui
G,Égypte,Défenseur,Tarek Alaa,,oui
G,Égypte,Défenseur,Hamdi Fathi,Al Wakrah,oui
G,Égypte,Défenseur,Ahmed Fattouh,Zamalek,oui
G,Égypte,Défenseur,Karim Hafez,Pyramids FC,oui
G,Égypte,Défenseur,Mohamed Hany,Al Ahly,oui
G,Égypte,Défenseur,Yasser Ibrahim,Al Ahly,oui
G,Égypte,Défenseur,Ramy Rabia,Al Ain,oui
G,Égypte,Milieu,Ibrahim Adel,Nordsjælland,oui
G,Égypte,Milieu,Emam Ashour,Al Ahly,oui
G,Égypte,Milieu,Marwan Attia,Al Ahly,oui
G,Égypte,Milieu,Haitham Hassan,Real Oviedo,oui
G,Égypte,Milieu,Mohanad Lasheen,Pyramids FC,oui
G,Égypte,Milieu,Mahmoud Saber,Gulf United FC,oui
G,Égypte,Attaquant,Hamza Abdelkarim,FC Barcelone U19,oui
G,Égypte,Attaquant,Nabil Emad Dunga,Al Najma,oui
G,Égypte,Attaquant,Omar Marmoush,Manchester City,oui
G,Égypte,Attaquant,Mohamed Salah,Liverpool,oui
G,Égypte,Attaquant,Mahmoud Trezeguet,Al Ahly,oui
G,Égypte,Attaquant,Mostafa Ziko,Pyramids FC,oui
G,Égypte,Attaquant,Ahmed Sayed Zizo,Al Ahly,oui
G,Iran,Gardien,Alireza Beiranvand,Tractor Sazi,oui
G,Iran,Gardien,Seyed Hossein Hosseini,Sepahan,oui
G,Iran,Gardien,Payam Niazmand,Persepolis,oui
G,Iran,Défenseur,Danial Eiri,Malavan,oui
G,Iran,Défenseur,Ehsan Hajsafi,Sepahan,oui
G,Iran,Défenseur,Saleh Hardani,Esteghlal,oui
G,Iran,Défenseur,Hossein Kanaani,Persepolis,oui
G,Iran,Défenseur,Shoja Khalilzadeh,Tractor Sazi,oui
G,Iran,Défenseur,Milad Mohammadi,Persepolis,oui
G,Iran,Défenseur,Ali Nemati,Foolad,oui
G,Iran,Défenseur,Ramin Rezaeian,Foolad,oui
G,Iran,Défenseur,Arya Yousefi,Sepahan,oui
G,Iran,Milieu,Roozbeh Cheshmi,Esteghlal,oui
G,Iran,Milieu,Saeed Ezatolahi,Shabab Al Ahli Dubai,oui
G,Iran,Milieu,Saman Ghoddos,Kalba,oui
G,Iran,Milieu,Mohammad Ghorbani,Al Wahda,oui
G,Iran,Milieu,Amirmohammad Razzaghinia,Esteghlal,oui
G,Iran,Attaquant,Ali Alipour,Persepolis,oui
G,Iran,Attaquant,Dennis Eckert,Standard Liège,oui
G,Iran,Attaquant,Mehdi Ghayedi,Al Nasr,oui
G,Iran,Attaquant,Amirhossein Hosseinzadeh,Tractor Sazi,oui
G,Iran,Attaquant,Alireza Jahanbakhsh,Dender,oui
G,Iran,Attaquant,Shahriar Moghanlou,Kalba,oui
G,Iran,Attaquant,Mohammad Mohebi,Rostov,oui
G,Iran,Attaquant,Mehdi Taremi,Olympiacos F.C.,oui
G,Iran,Attaquant,Mehdi Torabi,Tractor,oui
G,Nouvelle-Zélande,Gardien,Max Crocombe,Millwall,oui
G,Nouvelle-Zélande,Gardien,Alex Paulsen,Lechia Gdańsk,oui
G,Nouvelle-Zélande,Gardien,Michael Woud,Auckland,oui
G,Nouvelle-Zélande,Défenseur,Tyler Bindon,Sheffield United,oui
G,Nouvelle-Zélande,Défenseur,Michael Boxall,Minnesota United,oui
G,Nouvelle-Zélande,Défenseur,Liberato Cacace,Wrexham,oui
G,Nouvelle-Zélande,Défenseur,Callan Elliot,Auckland,oui
G,Nouvelle-Zélande,Défenseur,Ben Old,Saint-Étienne,oui
G,Nouvelle-Zélande,Défenseur,Tim Payne,Wellington Phoenix,oui
G,Nouvelle-Zélande,Défenseur,Nando Pijnaker,Auckland,oui
G,Nouvelle-Zélande,Défenseur,Tommy Smith,Braintree Town,oui
G,Nouvelle-Zélande,Défenseur,Finn Surman,Portland Timbers,oui
G,Nouvelle-Zélande,Défenseur,Francis De Vries,Auckland,oui
G,Nouvelle-Zélande,Milieu,Lachlan Bayliss,Newcastle Jets,oui
G,Nouvelle-Zélande,Milieu,Joe Bell,Viking,oui
G,Nouvelle-Zélande,Milieu,Matthew Garbett,Peterborough United,oui
G,Nouvelle-Zélande,Milieu,Callum McCowatt,Silkeborg IF,oui
G,Nouvelle-Zélande,Milieu,Alex Rufer,Wellington Phoenix,oui
G,Nouvelle-Zélande,Milieu,Sarpreet Singh,Wellington Phoenix,oui
G,Nouvelle-Zélande,Milieu,Marko Stamenic,Swansea City,oui
G,Nouvelle-Zélande,Milieu,Ryan Thomas,PEC Zwolle,oui
G,Nouvelle-Zélande,Attaquant,Kosta Barbarouses,Western Sydney Wanderers,oui
G,Nouvelle-Zélande,Attaquant,Elijah Just,Motherwell,oui
G,Nouvelle-Zélande,Attaquant,Jesse Randall,Auckland,oui
G,Nouvelle-Zélande,Attaquant,Ben Waine,Port Vale,oui
G,Nouvelle-Zélande,Attaquant,Chris Wood,Nottingham Forest,oui
H,Arabie Saoudite,Gardien,Nawaf Al-Aqidi,Al-Nassr,oui
H,Arabie Saoudite,Gardien,Ahmed Al-Kassar,Al-Qadsiah,oui
H,Arabie Saoudite,Gardien,Mohammed Al-Owais,Al-Ula,oui
H,Arabie Saoudite,Défenseur,Saud Abdulhamid,RC Lens,oui
H,Arabie Saoudite,Défenseur,Abdulelah Al-Amri,Al-Nassr,oui
H,Arabie Saoudite,Défenseur,Sultan Al-Ghannam,Al-Nassr,oui
H,Arabie Saoudite,Défenseur,Moteb Al-Harbi,Al-Hilal,oui
H,Arabie Saoudite,Défenseur,Mohammed Abu Al-Shamat,Al-Qadsiah,oui
H,Arabie Saoudite,Défenseur,Nawaf Boushal,Al-Nassr,oui
H,Arabie Saoudite,Défenseur,Hassan Kadesh,Al-Ittihad,oui
H,Arabie Saoudite,Défenseur,Ali bin Mohammed bin Ali Lajami,Al-Hilal,oui
H,Arabie Saoudite,Défenseur,Ali Majrashi,Al-Ahli,oui
H,Arabie Saoudite,Défenseur,Hassan Tambakti,Al-Hilal,oui
H,Arabie Saoudite,Défenseur,Jehad Thakri,Al-Qadsiah,oui
H,Arabie Saoudite,Milieu,Nasser Al-Dawsari,Al-Hilal,oui
H,Arabie Saoudite,Milieu,Salem Al-Dawsari,Al-Hilal,oui
H,Arabie Saoudite,Milieu,Khalid Al-Ghannam,Al-Ettifaq,oui
H,Arabie Saoudite,Milieu,Alaa Al-Hajji,NEOM SC,oui
H,Arabie Saoudite,Milieu,Ziyad Al-Johani,Al-Ahli,oui
H,Arabie Saoudite,Milieu,Musab Al-Juwayr,Al-Qadsiah,oui
H,Arabie Saoudite,Milieu,Abdullah Al-Khaibari,Al-Nassr,oui
H,Arabie Saoudite,Milieu,Mohamed Kanno,Al-Hilal,oui
H,Arabie Saoudite,Milieu,Ayman Yahya,Al-Nassr,oui
H,Arabie Saoudite,Attaquant,Firas Al-Buraikan,Al-Ahli,oui
H,Arabie Saoudite,Attaquant,Abdullah Al-Hamdan,Al-Nassr,oui
H,Arabie Saoudite,Attaquant,Saleh Al-Shehri,Al-Ittihad,oui
H,Cap-Vert,Gardien,Márcio Rosa,Montana,oui
H,Cap-Vert,Gardien,CJ dos Santos,San Diego,oui
H,Cap-Vert,Gardien,Vozinha,Chaves,oui
H,Cap-Vert,Défenseur,Edilson Borges,Al-Bataeh,oui
H,Cap-Vert,Défenseur,Sidny Cabral,Benfica,oui
H,Cap-Vert,Défenseur,Logan Costa,Villarreal,oui
H,Cap-Vert,Défenseur,Roberto Lopes,Shamrock Rovers,oui
H,Cap-Vert,Défenseur,Steven Moreira,Columbus Crew,oui
H,Cap-Vert,Défenseur,João Paulo,FCSB,oui
H,Cap-Vert,Défenseur,Wagner Pina,Trabzonspor,oui
H,Cap-Vert,Défenseur,Kelvin Pires,SJK,oui
H,Cap-Vert,Défenseur,Stopira,Torreense,oui
H,Cap-Vert,Milieu,Deroy Duarte,Ludogorets,oui
H,Cap-Vert,Milieu,Laros Duarte,Puskas Academy,oui
H,Cap-Vert,Milieu,Jamiro Monteiro,PEC Zwolle,oui
H,Cap-Vert,Milieu,Kevin Pina,Krasnodar,oui
H,Cap-Vert,Milieu,Yannick Semedo,Farense,oui
H,Cap-Vert,Attaquant,Telmo Arcanjo,Vitoria Guimaraes,oui
H,Cap-Vert,Attaquant,Gilson Benchimol,Akron Togliatti,oui
H,Cap-Vert,Attaquant,Jovane Cabral,Estrela Amadora,oui
H,Cap-Vert,Attaquant,Nuno Da Costa,Basaksehir,oui
H,Cap-Vert,Attaquant,Dailon Livramento,Casa Pia,oui
H,Cap-Vert,Attaquant,Ryan Mendes,Igdir,oui
H,Cap-Vert,Attaquant,Garry Rodrigues,Apollon Limassol,oui
H,Cap-Vert,Attaquant,Willy Semedo,Omonia,oui
H,Cap-Vert,Attaquant,Hélio Varela,Maccabi Tel-Aviv,oui
H,Espagne,Gardien,Joan García,FC Barcelone,oui
H,Espagne,Gardien,David Raya,Arsenal,oui
H,Espagne,Gardien,Unai Simón,Athletic Bilbao,oui
H,Espagne,Défenseur,Pau Cubarsí,FC Barcelone,oui
H,Espagne,Défenseur,Marc Cucurella,Chelsea,oui
H,Espagne,Défenseur,Eric García,FC Barcelone,oui
H,Espagne,Défenseur,Alejandro Grimaldo,Bayer Leverkusen,oui
H,Espagne,Défenseur,Aymeric Laporte,Athletic Bilbao,oui
H,Espagne,Défenseur,Marcos Llorente,Atlético Madrid,oui
H,Espagne,Défenseur,Pedro Porro,Tottenham,oui
H,Espagne,Défenseur,Marc Pubill,Atlético de Madrid,oui
H,Espagne,Milieu,Gavi,FC Barcelone,oui
H,Espagne,Milieu,Mikel Merino,Arsenal,oui
H,Espagne,Milieu,Pedri,FC Barcelone,oui
H,Espagne,Milieu,Rodri,Manchester City,oui
H,Espagne,Milieu,Fabián Ruiz,Paris Saint-Germain,oui
H,Espagne,Milieu,Martín Zubimendi,Arsenal,oui
H,Espagne,Attaquant,Álex Baena,Atlético Madrid,oui
H,Espagne,Attaquant,Borja Iglesias,Celta de Vigo,oui
H,Espagne,Attaquant,Víctor Muñoz,Osasuna,oui
H,Espagne,Attaquant,Dani Olmo,FC Barcelone,oui
H,Espagne,Attaquant,Mikel Oyarzabal,Real Sociedad,oui
H,Espagne,Attaquant,Yéremy Pino,Crystal Palace,oui
H,Espagne,Attaquant,Ferran Torres,FC Barcelone,oui
H,Espagne,Attaquant,Nico Williams,Athletic Bilbao,oui
H,Espagne,Attaquant,Lamine Yamal,FC Barcelone,oui
H,Uruguay,Gardien,Santiago Mele,Monterrey,oui
H,Uruguay,Gardien,Fernando Muslera,Estudiantes La Plata,oui
H,Uruguay,Gardien,Sergio Rochet,Internacional,oui
H,Uruguay,Défenseur,Ronald Araujo,FC Barcelone,oui
H,Uruguay,Défenseur,Santiago Bueno,Wolverhampton,oui
H,Uruguay,Défenseur,Sebastián Cáceres,Club América,oui
H,Uruguay,Défenseur,José María Giménez,Atlético Madrid,oui
H,Uruguay,Défenseur,Mathías Olivera,Naples,oui
H,Uruguay,Défenseur,Joaquín Piquerez,Palmeiras,oui
H,Uruguay,Défenseur,Juan Manuel Sanabria,Real Salt Lake,oui
H,Uruguay,Défenseur,Guillermo Varela,Flamengo,oui
H,Uruguay,Défenseur,Matías Viña,River Plate,oui
H,Uruguay,Milieu,Giorgian de Arrascaeta,Flamengo,oui
H,Uruguay,Milieu,Rodrigo Bentancur,Tottenham,oui
H,Uruguay,Milieu,Nicolás de la Cruz,Flamengo,oui
H,Uruguay,Milieu,Emiliano Martínez,Palmeiras,oui
H,Uruguay,Milieu,Manuel Ugarte,Manchester United,oui
H,Uruguay,Milieu,Federico Valverde,Real Madrid,oui
H,Uruguay,Milieu,Rodrigo Zalazar,Sporting Braga,oui
H,Uruguay,Attaquant,Rodrigo Aguirre,Tigres,oui
H,Uruguay,Attaquant,Maxi Araújo,Sporting Portugal,oui
H,Uruguay,Attaquant,Agustín Canobbio,Fluminense,oui
H,Uruguay,Attaquant,Darwin Núñez,Al-Hilal,oui
H,Uruguay,Attaquant,Facundo Pellistri,Panathinaïkos,oui
H,Uruguay,Attaquant,Brian Rodríguez,Club América,oui
H,Uruguay,Attaquant,Federico Viñas,Real Oviedo,oui
I,France,Gardien,Mike Maignan,AC Milan,oui
I,France,Gardien,Robin Risser,RC Lens,oui
I,France,Gardien,Brice Samba,Stade Rennais,oui
I,France,Défenseur,Lucas Digne,Everton,oui
I,France,Défenseur,Malo Gusto,Chelsea,oui
I,France,Défenseur,Lucas Hernández,Paris Saint-Germain,oui
I,France,Défenseur,Theo Hernandez,Al-Hilal,oui
I,France,Défenseur,Ibrahima Konaté,Liverpool,oui
I,France,Défenseur,Jules Koundé,FC Barcelone,oui
I,France,Défenseur,Maxence Lacroix,Crystal Palace,oui
I,France,Défenseur,William Saliba,Arsenal,oui
I,France,Défenseur,Dayot Upamecano,Bayern Munich,oui
I,France,Milieu,N'Golo Kanté,Fenerbahçe,oui
I,France,Milieu,Manu Koné,AS Rome,oui
I,France,Milieu,Adrien Rabiot,AC Milan,oui
I,France,Milieu,Aurélien Tchouaméni,Real Madrid,oui
I,France,Milieu,Warren Zaïre-Emery,Paris Saint-Germain,oui
I,France,Attaquant,Maghnes Akliouche,AS Monaco,oui
I,France,Attaquant,Bradley Barcola,Paris Saint-Germain,oui
I,France,Attaquant,Rayan Cherki,Manchester City,oui
I,France,Attaquant,Ousmane Dembélé,Paris Saint-Germain,oui
I,France,Attaquant,Désiré Doué,Paris Saint-Germain,oui
I,France,Attaquant,Jean-Philippe Mateta,Crystal Palace,oui
I,France,Attaquant,Kylian Mbappé,Real Madrid,oui
I,France,Attaquant,Michael Olise,Bayern Munich,oui
I,France,Attaquant,Marcus Thuram,Inter Milan,oui
I,Irak,Gardien,Ahmed Basil,Al-Shorta,oui
I,Irak,Gardien,Jalal Hassan,Al-Zawraa,oui
I,Irak,Gardien,Fahad Talib,Al-Talaba,oui
I,Irak,Défenseur,Hussein Ali,Pogoń Szczecin,oui
I,Irak,Défenseur,Merchas Doski,Viktoria Plzeň,oui
I,Irak,Défenseur,Akam Hashim Rahman,Al-Zawraa,oui
I,Irak,Défenseur,Mustafa Saadoon,Al-Shorta,oui
I,Irak,Défenseur,Rebin Sulaka,Port FC,oui
I,Irak,Défenseur,Zaid Tahseen,Pakhtakor,oui
I,Irak,Défenseur,Ahmed Yahya,Al-Shorta,oui
I,Irak,Défenseur,Manaf Younis,Al-Shorta,oui
I,Irak,Milieu,Amir Al Ammari,Cracovie,oui
I,Irak,Milieu,Youssef Amyn,AEK Larnaca,oui
I,Irak,Milieu,Ibrahim Bayesh,Al-Dhafra,oui
I,Irak,Milieu,Zaid Ismael Khaleel Al Dulaimi,Al-Talaba,oui
I,Irak,Milieu,Marko Lawk Farji,Venise,oui
I,Irak,Milieu,Zidane Iqbal,Utrecht,oui
I,Irak,Milieu,Ali Jassim,Al-Najma,oui
I,Irak,Milieu,Frans Putros,Persib,oui
I,Irak,Milieu,Ahmed Qasim,Nashville,oui
I,Irak,Milieu,Aimar Sher,Sarpsborg,oui
I,Irak,Milieu,Kevin Yakob,AGF,oui
I,Irak,Attaquant,Mohanad Ali,Dibba Al-Hisn,oui
I,Irak,Attaquant,Ali Al Hamadi,Ipswich,oui
I,Irak,Attaquant,Aymen Hussein,Al-Karma,oui
I,Irak,Attaquant,Ali Yousef,Al-Talaba,oui
I,Norvège,Gardien,Ørjan Nyland,Séville FC,oui
I,Norvège,Gardien,Egil Selvik,Watford,oui
I,Norvège,Gardien,Sander Tangvik,Hambourg,oui
I,Norvège,Défenseur,Kristoffer Ajer,Brentford,oui
I,Norvège,Défenseur,Fredrik Bjørkan,Bodø / Glimt,oui
I,Norvège,Défenseur,Henrik Falchener,Viking,oui
I,Norvège,Défenseur,Torbjørn Heggem,Bologne,oui
I,Norvège,Défenseur,Sondre Langås,Derby County,oui
I,Norvège,Défenseur,Leo Østigård,Gênes,oui
I,Norvège,Défenseur,Marcus Pedersen,Torino FC,oui
I,Norvège,Défenseur,Julian Ryerson,Borussia Dortmund,oui
I,Norvège,Défenseur,David Møller Wolfe,Wolverhampton,oui
I,Norvège,Milieu,Thelo Aasgaard,Rangers Glasgow,oui
I,Norvège,Milieu,Fredrik Aursnes,Benfica Lisbonne,oui
I,Norvège,Milieu,Patrick Berg,Bodø / Glimt,oui
I,Norvège,Milieu,Sander Berge,Fulham,oui
I,Norvège,Milieu,Martin Ødegaard,Arsenal,oui
I,Norvège,Milieu,Morten Thorsby,Cremonese,oui
I,Norvège,Milieu,Kristian Thorstvedt,Sassuolo,oui
I,Norvège,Attaquant,Oscar Bobb,Fulham,oui
I,Norvège,Attaquant,Erling Haaland,Manchester City,oui
I,Norvège,Attaquant,Jens Petter Hauge,Bodø / Glimt,oui
I,Norvège,Attaquant,Jørgen Strand Larsen,Crystal Palace,oui
I,Norvège,Attaquant,Antonio Nusa,RB Leipzig,oui
I,Norvège,Attaquant,Andreas Schjelderup,Benfica Lisbonne,oui
I,Norvège,Attaquant,Alexander Sørloth,Atlético Madrid,oui
I,Sénégal,Gardien,Mory Diaw,Le Havre,oui
I,Sénégal,Gardien,Yehvann Diouf,OGC Nice,oui
I,Sénégal,Gardien,Edouard Mendy,Al-Ahli,oui
I,Sénégal,Défenseur,Krépin Diatta,AS Monaco,oui
I,Sénégal,Défenseur,El Hadji Malick Diouf,West Ham,oui
I,Sénégal,Défenseur,Ismail Jakobs,Galatasaray,oui
I,Sénégal,Défenseur,Kalidou Koulibaly,Al-Hilal,oui
I,Sénégal,Défenseur,Antoine Mendy,OGC Nice,oui
I,Sénégal,Défenseur,Moussa Niakhaté,Olympique Lyonnais,oui
I,Sénégal,Défenseur,Mamadou Sarr,Chelsea,oui
I,Sénégal,Défenseur,Abdoulaye Seck,Maccabi Haifa,oui
I,Sénégal,Milieu,Lamine Camara,AS Monaco,oui
I,Sénégal,Milieu,Pathé Ciss,Rayo Vallecano,oui
I,Sénégal,Milieu,Habib Diarra,Sunderland,oui
I,Sénégal,Milieu,Idrissa Gana Gueye,Everton,oui
I,Sénégal,Milieu,Pape Gueye,Villarreal CF,oui
I,Sénégal,Milieu,Bara Sapoko Ndiaye,Bayern Munich,oui
I,Sénégal,Milieu,Pape Matar Sarr,Tottenham,oui
I,Sénégal,Attaquant,Assane Diao,Como,oui
I,Sénégal,Attaquant,Bamba Dieng,Lorient,oui
I,Sénégal,Attaquant,Nicolas Jackson,Bayern Munich,oui
I,Sénégal,Attaquant,Sadio Mané,Al-Nassr,oui
I,Sénégal,Attaquant,Ibrahim Mbaye,Paris Saint-Germain,oui
I,Sénégal,Attaquant,Cherif Ndiaye,Samsunspor,oui
I,Sénégal,Attaquant,Iliman Ndiaye,Everton,oui
I,Sénégal,Attaquant,Ismaïla Sarr,Crystal Palace,oui
J,Algérie,Gardien,Oussama Benbout,USM Alger,oui
J,Algérie,Gardien,Melvin Mastil,Stade Nyonnais,oui
J,Algérie,Gardien,Luca Zidane,Granada,oui
J,Algérie,Défenseur,Achref Abada,USM Alger,oui
J,Algérie,Défenseur,Rayan Aït-Nouri,Manchester City,oui
J,Algérie,Défenseur,Zineddine Belaid,JS Kabylie,oui
J,Algérie,Défenseur,Rafik Belghali,Hellas Verona,oui
J,Algérie,Défenseur,Ramy Bensebaini,Borussia Dortmund,oui
J,Algérie,Défenseur,Samir Chergui,Paris,oui
J,Algérie,Défenseur,Jaouen Hadjam,Young Boys,oui
J,Algérie,Défenseur,Aïssa Mandi,Lille OSC,oui
J,Algérie,Défenseur,Mohamed Amine Tougai,ES Tunis,oui
J,Algérie,Milieu,Houssem Aouar,Al-Ittihad,oui
J,Algérie,Milieu,Nabil Bentaleb,Lille OSC,oui
J,Algérie,Milieu,Hicham Boudaoui,OGC Nice,oui
J,Algérie,Milieu,Farès Chaïbi,Eintracht Francfort,oui
J,Algérie,Milieu,Ibrahim Maza,Bayer Leverkusen,oui
J,Algérie,Milieu,Yassine Titraoui,Sporting Charleroi,oui
J,Algérie,Milieu,Ramiz Zerrouki,FC Twente,oui
J,Algérie,Attaquant,Mohamed Amoura,VfL Wolfsburg,oui
J,Algérie,Attaquant,Nadhir Benbouali,Győr,oui
J,Algérie,Attaquant,Adil Boulbina,Al Duhail,oui
J,Algérie,Attaquant,Farès Ghedjemis,Frosinone,oui
J,Algérie,Attaquant,Amine Gouiri,Olympique de Marseille,oui
J,Algérie,Attaquant,Riyad Mahrez,Al-Ahli,oui
J,Algérie,Attaquant,Anis Hadj Moussa,Feyenoord Rotterdam,oui
J,Argentine,Gardien,Emiliano Martínez,Aston Villa,oui
J,Argentine,Gardien,Juan Agustín Musso,Atlético Madrid,oui
J,Argentine,Gardien,Gerónimo Rulli,Olympique de Marseille,oui
J,Argentine,Défenseur,Leonardo Balerdi,Olympique de Marseille,oui
J,Argentine,Défenseur,Lisandro Martínez,Manchester United,oui
J,Argentine,Défenseur,Facundo Medina,Olympique de Marseille,oui
J,Argentine,Défenseur,Nahuel Molina,Atlético Madrid,oui
J,Argentine,Défenseur,Gonzalo Montiel,River Plate,oui
J,Argentine,Défenseur,Nicolás Otamendi,Benfica Lisbonne,oui
J,Argentine,Défenseur,Cristian Romero,Tottenham,oui
J,Argentine,Défenseur,Nicolás Tagliafico,Olympique Lyonnais,oui
J,Argentine,Milieu,Alexis Mac Allister,Liverpool,oui
J,Argentine,Milieu,Valentín Barco,RC Strasbourg,oui
J,Argentine,Milieu,Giovani Lo Celso,Betis Séville,oui
J,Argentine,Milieu,Enzo Fernández,Chelsea,oui
J,Argentine,Milieu,Exequiel Palacios,Bayer Leverkusen,oui
J,Argentine,Milieu,Leandro Paredes,Boca Juniors,oui
J,Argentine,Milieu,Rodrigo De Paul,Inter Miami,oui
J,Argentine,Attaquant,Thiago Almada,Atlético Madrid,oui
J,Argentine,Attaquant,Julián Alvarez,Atlético Madrid,oui
J,Argentine,Attaquant,Nico González,Atlético Madrid,oui
J,Argentine,Attaquant,José Manuel López,Palmeiras,oui
J,Argentine,Attaquant,Lautaro Martínez,Inter Milan,oui
J,Argentine,Attaquant,Lionel Messi,Inter Miami,oui
J,Argentine,Attaquant,Nico Paz,Como,oui
J,Argentine,Attaquant,Giuliano Simeone,Atlético Madrid,oui
J,Autriche,Gardien,Patrick Pentz,Brondby,oui
J,Autriche,Gardien,Alexander Schlager,RB Salzbourg,oui
J,Autriche,Gardien,Florian Wiegele,Viktoria Plzen,oui
J,Autriche,Défenseur,David Affengruber,Elche,oui
J,Autriche,Défenseur,David Alaba,Real Madrid,oui
J,Autriche,Défenseur,Kevin Danso,Tottenham,oui
J,Autriche,Défenseur,Marco Friedl,Werder Brême,oui
J,Autriche,Défenseur,Philipp Lienhart,SC Freiburg,oui
J,Autriche,Défenseur,Philipp Mwene,Mayence,oui
J,Autriche,Défenseur,Stefan Posch,Eintracht Francfort,oui
J,Autriche,Défenseur,Michael Svoboda,Venise,oui
J,Autriche,Milieu,Christoph Baumgartner,RB Leipzig,oui
J,Autriche,Milieu,Carney Chukwuemeka,Borussia Dortmund,oui
J,Autriche,Milieu,Florian Grillitsch,Braga,oui
J,Autriche,Milieu,Konrad Laimer,Bayern Munich,oui
J,Autriche,Milieu,Marcel Sabitzer,Borussia Dortmund,oui
J,Autriche,Milieu,Xaver Schlager,RB Leipzig,oui
J,Autriche,Milieu,Romano Schmid,Werder Brême,oui
J,Autriche,Milieu,Alessandro Schöpf,Wolfsberger,oui
J,Autriche,Milieu,Nicolas Seiwald,RB Leipzig,oui
J,Autriche,Milieu,Paul Wanner,PSV Eindhoven,oui
J,Autriche,Milieu,Patrick Wimmer,Wolfsburg,oui
J,Autriche,Attaquant,Marko Arnautovic,Etoile Rouge de Belgrade,oui
J,Autriche,Attaquant,Michael Gregoritsch,Augsbourg,oui
J,Autriche,Attaquant,Sasa Kalajdzic,LASK,oui
J,Autriche,Attaquant,Alexander Prass,Hoffenheim,oui
J,Jordanie,Gardien,Yazeed Abulaila,Al Hussein,oui
J,Jordanie,Gardien,Abdallah Al-Fakhouri,Al Wihdat,oui
J,Jordanie,Gardien,Noureddin Bani Attiah,Al Faysali,oui
J,Jordanie,Défenseur,Mohammad Abualnadi,Selangor,oui
J,Jordanie,Défenseur,Saed Al-Rosan,Al Hussein,oui
J,Jordanie,Défenseur,Yazan Alarab,Seoul,oui
J,Jordanie,Défenseur,Anas Badawi,Al-Faisaly,oui
J,Jordanie,Défenseur,Husam Abu Dahab,Al Faysali,oui
J,Jordanie,Défenseur,Ehsan Haddad,Al Hussein,oui
J,Jordanie,Défenseur,Mohammad Abu Hasheesh,Al-Karma,oui
J,Jordanie,Défenseur,Abdallah Nasib,Al Zawra'a,oui
J,Jordanie,Défenseur,Saleem Obaid,Al Hussein,oui
J,Jordanie,Défenseur,Mohannad Abu Taha,Al Quwa Al Jawiya,oui
J,Jordanie,Milieu,Nizar Al-Rashdan,Qatar SC,oui
J,Jordanie,Milieu,Noor Al-Rawabdeh,Selangor,oui
J,Jordanie,Milieu,Rajaei Ayed,Al Hussein,oui
J,Jordanie,Milieu,Mohammad Al Daoud,Al Wihdat,oui
J,Jordanie,Milieu,Amer Jamous,Al Zawra'a,oui
J,Jordanie,Milieu,Ibrahim Saadeh,Al-Karma,oui
J,Jordanie,Attaquant,Ali Al-Azaizeh,Al Shabab,oui
J,Jordanie,Attaquant,Mahmoud Al-Mardi,Al Hussein,oui
J,Jordanie,Attaquant,Odeh Fakhouri,Pyramids FC,oui
J,Jordanie,Attaquant,Ali Olwan,Al Sailiya,oui
J,Jordanie,Attaquant,Ibrahim Sabra,Lokomotiva Zagreb,oui
J,Jordanie,Attaquant,Mousa Tamari,Stade Rennais,oui
J,Jordanie,Attaquant,Mohamed Abu Zraiq,Raja Casablanca,oui
K,Colombie,Gardien,Álvaro Montero,Vélez Sarsfield,oui
K,Colombie,Gardien,David Ospina,Atlético Nacional,oui
K,Colombie,Gardien,Camilo Vargas,Atlas,oui
K,Colombie,Défenseur,Santiago Arias,Independiente,oui
K,Colombie,Défenseur,Willer Ditta,Cruz Azul,oui
K,Colombie,Défenseur,Jhon Lucumí,Bologne,oui
K,Colombie,Défenseur,Deiver Machado,FC Nantes,oui
K,Colombie,Défenseur,Yerry Mina,Cagliari,oui
K,Colombie,Défenseur,Johan Mojica,Mallorca,oui
K,Colombie,Défenseur,Daniel Muñoz,Crystal Palace,oui
K,Colombie,Défenseur,Davinson Sánchez,Galatasaray,oui
K,Colombie,Milieu,Jorge Carrascal,Flamengo,oui
K,Colombie,Milieu,Kevin Castaño,River Plate,oui
K,Colombie,Milieu,Jefferson Lerma,Crystal Palace,oui
K,Colombie,Milieu,Juan Portilla,Athletico PR,oui
K,Colombie,Milieu,Gustavo Puerta,Racing Santander,oui
K,Colombie,Milieu,Juan Fernando Quintero,River Plate,oui
K,Colombie,Milieu,Richard Ríos,Benfica Lisbonne,oui
K,Colombie,Milieu,James Rodríguez,Minnesota United,oui
K,Colombie,Attaquant,Jhon Arias,Palmeiras,oui
K,Colombie,Attaquant,Jáminton Campaz,Rosario Central,oui
K,Colombie,Attaquant,Jhon Córdoba,Krasnodar,oui
K,Colombie,Attaquant,Luis Díaz,Bayern Munich,oui
K,Colombie,Attaquant,Carlos Andrés Gómez,Vasco da Gama,oui
K,Colombie,Attaquant,Cucho Hernández,Betis Séville,oui
K,Colombie,Attaquant,Luis Suárez,Sporting Portugal,oui
K,Ouzbékistan,Gardien,Botirali Ergashev,,oui
K,Ouzbékistan,Gardien,Abduvokhid Nematov,Nasaf,oui
K,Ouzbékistan,Gardien,Utkir Yusupov,Navbakhor,oui
K,Ouzbékistan,Défenseur,Abdulla Abdullaev,Dibba Al Fujairah,oui
K,Ouzbékistan,Défenseur,Khozhiakbar Alizhonov,Pakhtakor,oui
K,Ouzbékistan,Défenseur,Rustam Ashurmatov,Esteghlal,oui
K,Ouzbékistan,Défenseur,Umar Eshmurodov,Nasaf,oui
K,Ouzbékistan,Défenseur,Behruzjon Karimov,Termez Surkhon,oui
K,Ouzbékistan,Défenseur,Abdukodir Khusanov,Manchester City,oui
K,Ouzbékistan,Défenseur,Sherzod Nasrullaev,Pakhtakor,oui
K,Ouzbékistan,Défenseur,Farrukh Sayfiev,,oui
K,Ouzbékistan,Défenseur,Avazbek Ulmasaliev,OKMK,oui
K,Ouzbékistan,Défenseur,Jakhongir Urozov,Dinamo Samarqand,oui
K,Ouzbékistan,Milieu,Sherzod Esanov,Bukhara,oui
K,Ouzbékistan,Milieu,Aziz Ganiev,Al Bataeh,oui
K,Ouzbékistan,Milieu,Jamshid Iskanderov,,oui
K,Ouzbékistan,Milieu,Odildzhon Khamrobekov,Tractor Sazi,oui
K,Ouzbékistan,Milieu,Akmal Mozgovoy,Pakhtakor,oui
K,Ouzbékistan,Milieu,Otabek Shukurov,Bani Yas,oui
K,Ouzbékistan,Attaquant,Azizbek Amonov,Dinamo Samarkand,oui
K,Ouzbékistan,Attaquant,Abbosbek Fayzullaev,İstanbul Başakşehir,oui
K,Ouzbékistan,Attaquant,Dostonbek Khamdamov,Pakhtakor,oui
K,Ouzbékistan,Attaquant,Jaloliddin Masharipov,Esteghlal,oui
K,Ouzbékistan,Attaquant,Igor Sergeev,Persepolis,oui
K,Ouzbékistan,Attaquant,Eldor Shomurodov,İstanbul Başakşehir,oui
K,Ouzbékistan,Attaquant,Oston Urunov,Persepolis,oui
K,Portugal,Gardien,Diogo Costa,FC Porto,oui
K,Portugal,Gardien,José Sá,Wolverhampton,oui
K,Portugal,Gardien,Rui Silva,Sporting Portugal,oui
K,Portugal,Défenseur,Tomás Araújo,Benfica Lisbonne,oui
K,Portugal,Défenseur,João Cancelo,FC Barcelone,oui
K,Portugal,Défenseur,Diogo Dalot,Manchester United,oui
K,Portugal,Défenseur,Rúben Dias,Manchester City,oui
K,Portugal,Défenseur,Gonçalo Inácio,Sporting CP,oui
K,Portugal,Défenseur,Nuno Mendes,Paris Saint-Germain,oui
K,Portugal,Défenseur,Matheus Nunes,Manchester City,oui
K,Portugal,Défenseur,Nélson Semedo,Fenerbahçe,oui
K,Portugal,Défenseur,Renato Veiga,Villarreal CF,oui
K,Portugal,Milieu,Samuel Costa,Majorque,oui
K,Portugal,Milieu,Bruno Fernandes,Manchester United,oui
K,Portugal,Milieu,João Neves,Paris Saint-Germain,oui
K,Portugal,Milieu,Rúben Neves,Al-Hilal,oui
K,Portugal,Milieu,Bernardo Silva,Manchester City,oui
K,Portugal,Milieu,Vitinha,Paris Saint-Germain,oui
K,Portugal,Attaquant,Francisco Conceição,Juventus,oui
K,Portugal,Attaquant,João Félix,Al-Nassr,oui
K,Portugal,Attaquant,Gonçalo Guedes,Real Sociedad,oui
K,Portugal,Attaquant,Rafael Leão,AC Milan,oui
K,Portugal,Attaquant,Pedro Neto,Chelsea,oui
K,Portugal,Attaquant,Gonçalo Ramos,Paris Saint-Germain,oui
K,Portugal,Attaquant,Cristiano Ronaldo,Al-Nassr,oui
K,Portugal,Attaquant,Francisco Trincão,Sporting CP,oui
K,RD Congo,Gardien,Matthieu Epolo,Standard Liège,oui
K,RD Congo,Gardien,Timothy Fayulu,Noah,oui
K,RD Congo,Gardien,Lionel Mpasi,Le Havre,oui
K,RD Congo,Défenseur,Dylan Batubinsika,AEL Larissa,oui
K,RD Congo,Défenseur,Gédéon Kalulu,Aris,oui
K,RD Congo,Défenseur,Steve Kapuadi,Widzew Łódź,oui
K,RD Congo,Défenseur,Joris Kayembe,Genk,oui
K,RD Congo,Défenseur,Arthur Masuaku,Lens,oui
K,RD Congo,Défenseur,Chancel Mbemba,Lille,oui
K,RD Congo,Défenseur,Aaron Tshibola,,oui
K,RD Congo,Défenseur,Axel Tuanzebe,Burnley,oui
K,RD Congo,Défenseur,Aaron Wan-Bissaka,West Ham,oui
K,RD Congo,Milieu,Théo Bongonda,Spartak Moscou,oui
K,RD Congo,Milieu,Meschack Elia,Alanyaspor,oui
K,RD Congo,Milieu,Gaël Kakuta,AEL Larissa,oui
K,RD Congo,Milieu,Edo Kayembe,Watford,oui
K,RD Congo,Milieu,Nathanaël Mbuku,Montpellier,oui
K,RD Congo,Milieu,Samuel Moutousamy,Atromitos,oui
K,RD Congo,Milieu,Ngal'ayel Mukau,Lille,oui
K,RD Congo,Milieu,Charles Pickel,Espanyol Barcelone,oui
K,RD Congo,Milieu,Noah Sadiki,Sunderland,oui
K,RD Congo,Attaquant,Cédric Bakambu,Real Betis,oui
K,RD Congo,Attaquant,Simon Banza,Al-Jazira,oui
K,RD Congo,Attaquant,Brian Kibambe Cipenga,,oui
K,RD Congo,Attaquant,Fiston Mayele,Pyramids,oui
K,RD Congo,Attaquant,Yoane Wissa,Newcastle,oui
L,Angleterre,Gardien,Dean Henderson,Crystal Palace,oui
L,Angleterre,Gardien,Jordan Pickford,Everton,oui
L,Angleterre,Gardien,James Trafford,Manchester City,oui
L,Angleterre,Défenseur,Dan Burn,Newcastle,oui
L,Angleterre,Défenseur,Marc Guéhi,Manchester City,oui
L,Angleterre,Défenseur,Reece James,Chelsea,oui
L,Angleterre,Défenseur,Ezri Konsa,Aston Villa,oui
L,Angleterre,Défenseur,Tino Livramento,Newcastle,oui
L,Angleterre,Défenseur,Nico O'Reilly,Manchester City,oui
L,Angleterre,Défenseur,Jarell Quansah,Bayer Leverkusen,oui
L,Angleterre,Défenseur,Djed Spence,Tottenham,oui
L,Angleterre,Défenseur,John Stones,Manchester City,oui
L,Angleterre,Milieu,Elliot Anderson,Nottingham Forest,oui
L,Angleterre,Milieu,Jude Bellingham,Real Madrid,oui
L,Angleterre,Milieu,Eberechi Eze,Arsenal,oui
L,Angleterre,Milieu,Jordan Henderson,Brentford,oui
L,Angleterre,Milieu,Kobbie Mainoo,Manchester United,oui
L,Angleterre,Milieu,Declan Rice,Arsenal,oui
L,Angleterre,Milieu,Morgan Rogers,Aston Villa,oui
L,Angleterre,Attaquant,Anthony Gordon,Newcastle United,oui
L,Angleterre,Attaquant,Harry Kane,Bayern Munich,oui
L,Angleterre,Attaquant,Noni Madueke,Arsenal,oui
L,Angleterre,Attaquant,Marcus Rashford,FC Barcelone,oui
L,Angleterre,Attaquant,Bukayo Saka,Arsenal,oui
L,Angleterre,Attaquant,Ivan Toney,Al-Ahli,oui
L,Angleterre,Attaquant,Ollie Watkins,Aston Villa,oui
L,Croatie,Gardien,Dominik Kotarski,FC Copenhague,oui
L,Croatie,Gardien,Dominik Livakovic,Dinamo Zagreb,oui
L,Croatie,Gardien,Ivor Pandur,Hull City,oui
L,Croatie,Défenseur,Duje Caleta-Car,Real Sociedad,oui
L,Croatie,Défenseur,Martin Erlić,Midtjylland,oui
L,Croatie,Défenseur,Josko Gvardiol,Manchester City,oui
L,Croatie,Défenseur,Marin Pongracic,Fiorentina,oui
L,Croatie,Défenseur,Josip Stanisic,Bayern Munich,oui
L,Croatie,Défenseur,Josip Sutalo,Ajax,oui
L,Croatie,Défenseur,Luka Vuskovic,Hambourg SV,oui
L,Croatie,Milieu,Martin Baturina,Côme,oui
L,Croatie,Milieu,Toni Fruk,Rijeka,oui
L,Croatie,Milieu,Kristijan Jakic,Augsbourg,oui
L,Croatie,Milieu,Mateo Kovacic,Manchester City,oui
L,Croatie,Milieu,Luka Modrić,AC Milan,oui
L,Croatie,Milieu,Nikola Moro,Bologne,oui
L,Croatie,Milieu,Mario Pašalić,Atalanta Bergame,oui
L,Croatie,Milieu,Luka Sucic,Real Sociedad,oui
L,Croatie,Milieu,Petar Sučić,Inter Milan,oui
L,Croatie,Milieu,Nikola Vlašić,Torino,oui
L,Croatie,Attaquant,Ante Budimir,Osasuna,oui
L,Croatie,Attaquant,Andrej Kramaric,Hoffenheim,oui
L,Croatie,Attaquant,Igor Matanovic,Fribourg,oui
L,Croatie,Attaquant,Petar Musa,FC Dallas,oui
L,Croatie,Attaquant,Marco Pašalić,Orlando City,oui
L,Croatie,Attaquant,Ivan Perišić,PSV,oui
L,Ghana,Gardien,Joseph Anang,St. Patrick's Athletic,oui
L,Ghana,Gardien,Benjamin Asare,Accra Hearts of OAK SC,oui
L,Ghana,Gardien,Lawrence Ati-Zigi,FC Saint-Gall,oui
L,Ghana,Défenseur,Jonas Adjetey,Wolfsbourg,oui
L,Ghana,Défenseur,Derrick Luckassen,Pafos FC,oui
L,Ghana,Défenseur,Gideon Mensah,AJ Auxerre,oui
L,Ghana,Défenseur,Abdul Mumin,Rayo Vallecano,oui
L,Ghana,Défenseur,Jerome Opoku,Istanbul Basaksehir,oui
L,Ghana,Défenseur,Elisha Owusu,AJ Auxerre,oui
L,Ghana,Défenseur,Kojo Oppong Peprah,OGC Nice,oui
L,Ghana,Défenseur,Baba Abdul Rahman,Paok Salonique,oui
L,Ghana,Défenseur,Alidu Seidu,Rennes,oui
L,Ghana,Défenseur,Marvin Senaya,AJ Auxerre,oui
L,Ghana,Milieu,Augustine Boakye,AS Saint-Etienne,oui
L,Ghana,Milieu,Abdul Fatawu Issahaku,Leicester City,oui
L,Ghana,Milieu,Thomas Partey,Villarreal,oui
L,Ghana,Milieu,Kiwasi Sibo,Real Oviedo,oui
L,Ghana,Milieu,Caleb Yirenkyi,FC Nordsjaelland,oui
L,Ghana,Attaquant,Prince Kwabena Adu,Viktoria Plzen,oui
L,Ghana,Attaquant,Jordan Ayew,Leicester City,oui
L,Ghana,Attaquant,Christopher Bonsu Baah,Al Quadsiah,oui
L,Ghana,Attaquant,Ernest Nuamah,Olympique Lyonnais,oui
L,Ghana,Attaquant,Antoine Semenyo,Manchester City,oui
L,Ghana,Attaquant,Kamal Deen Sulemana,Atalanta Bergame,oui
L,Ghana,Attaquant,Brandon Thomas-Asante,Coventry City,oui
L,Ghana,Attaquant,Inaki Williams,Athletic Bilbao,oui
L,Panama,Gardien,Luis Mejía,Nacional,oui
L,Panama,Gardien,Orlando Mosquera,Al-Fayha,oui
L,Panama,Gardien,César Samudio,Marathón,oui
L,Panama,Défenseur,Andrés Andrade,LASK Linz,oui
L,Panama,Défenseur,César Blackman,Slovan Bratislava,oui
L,Panama,Défenseur,José Córdoba,Norwich City,oui
L,Panama,Défenseur,Éric Davis,Plaza Amador,oui
L,Panama,Défenseur,Fidel Escobar,Deportivo Saprissa,oui
L,Panama,Défenseur,Edgardo Fariña,FK Nizjni Novgorod,oui
L,Panama,Défenseur,Jorge Gutiérrez,Deportivo La Guaira,oui
L,Panama,Défenseur,Roderick Miller,Turan Tovuz,oui
L,Panama,Défenseur,Amir Murillo,Beşiktaş,oui
L,Panama,Défenseur,Jiovany Ramos,Academia Puerto Cabello,oui
L,Panama,Milieu,Adalberto Carrasquilla,Pumas,oui
L,Panama,Milieu,Aníbal Godoy,San Diego,oui
L,Panama,Milieu,Carlos Harvey,Minnesota United,oui
L,Panama,Milieu,Azarias Londoño,Universidad Católica,oui
L,Panama,Milieu,Cristian Martínez,Ironi Kiryat Shmona,oui
L,Panama,Milieu,Alberto Quintero,Plaza Amador,oui
L,Panama,Attaquant,Yoel Bárcenas,Mazatlán,oui
L,Panama,Attaquant,Ismael Díaz,León,oui
L,Panama,Attaquant,José Fajardo,Universidad Católica,oui
L,Panama,Attaquant,José Luis Rodríguez,Juárez,oui
L,Panama,Attaquant,Tomás Rodríguez,Deportivo Saprissa,oui
L,Panama,Attaquant,Cecilio Waterman,Univ. Concepción,oui
L,Panama,Attaquant,César Yanis,Cobresal,oui
